name,owner_id
Outdoor String Lights,55
Apple Cinnamon Breakfast Muffins,144
Coconut Cream Pie,775
Portable Refrigerator Freezer,633
Classic Cheeseburger Mix,35
Honey Lemon Tea,601
Window Bird Feeder with Suction Cups,672
Wireless Earbuds Case,777
Electric Griddle,47
Folding Table,889
Pasta (Linguine),640
Cinnamon Raisin Bread,618
Athletic Sports Bra,694
Balsamic Glaze,638
Honey Mustard Chicken Breasts,385
Balsamic Vinegar,479
Classic Vanilla Fudge,742
Silicone Stretch Lids,829
Bamboo Charcoal Air Purifier Bags,437
Travel Jewelry Organizer,17
Plant Watering Spikes,265
Wireless Charging Pad,663
Wireless Security System,655
Utility Cargo Pants,772
Beef Sirloin Steak,984
Halloween Decoration Set,315
LED Desk Lamp with USB Charging,55
Cork Yoga Mat,306
Digital Alarm Clock,471
Fruit and Nut Bars,160
Self-Watering Planters,705
Cheddar Cheese Slices,61
Handcrafted Wooden Coasters,11
Sliced Strawberries,957
Artisan Flatbreads,809
Greek Yogurt,69
Adjustable Pedicure Footrest,843
Pet Hair Remover,963
Lemonade Mix,800
LED Under Cabinet Lighting,80
Handmade Soap Making Kit,778
Chocolate Hazelnut Spread,218
Coconut Oil Spray,475
Caramel Apple Taffy,397
Smartphone Tripod with Remote,970
Coconut Chips,873
Maple Pecan Pancake Mix,17
Fridge Magnet Set,858
Mini Indoor Herb Garden Kit,190
Essential Oil Roller Bottles,660
Bike Helmet,527
Patterned Knit Scarf,836
LED Christmas Tree Lights,526
Wildflower Honey,954
Chia Seeds,954
Spinach and Feta Stuffed Chicken Breast,766
Chili Lime Corn Chips,652
Basic V-Neck T-Shirt,612
Insulated Coffee Mug,315
Spaghetti Sauce,460
Crispy Tofu Bites,66
DIY Lip Balm Making Kit,843
Kids' Art Supplies Kit,938
Plant Pot Drip Trays,923
Tomatillo Salsa,791
Mango Chunks,154
Smart Water Bottle,624
Beef Chili,155
Outdoor Fire Pit,693
Basketball,672
Chocolate Coconut Protein Balls,822
Throw Pillow Covers,928
Portable Charcoal Grill,965
Spicy Garlic Edamame,572
Rainbow Veggie Chips,242
Relaxed Fit Henley Shirt,540
Eco-Friendly Notepad,960
Pet Water Fountain with Filtration,605
Legging Pants,535
Portable Air Compressor,634
Vegetable Stir-Fry Kit,671
Coconut Flakes,394
Vacuum Sealer Machine,959
Cinnamon Roll Kit,313
Green Smoothie Mix,469
Kids' Gardening Kit,805
Vegetarian Sausage Links,483
Banana Chips,82
Bamboo Charcoal Air Purifier Bags,946
Classic Vanilla Fudge,20
Cream Cheese,289
Kids' Learning Tablet,492
Herbal Tea Sampler Box,387
Herbal Tea Set,684
Silicone Ice Cube Tray,702
LED Table Lamp,89
Mixed Berry Smoothie Pack,249
Classic Watch,93
Hand Mixer,301
Bamboo Cutting Board,156
Luminous Night Light,770
Frozen Fruit Medley,522
Striped Long Sleeve Shirt,673
Fitness Resistance Bands Set,520
Noise-Canceling Earbuds,123
Honey Graham Crackers,852
Compact Pop-Up Tent,104
Vegetable Fried Rice,599
Sourdough Bread,385
Weighted Jump Rope with Counter,46
Smart LED Light Strip,24
Denim Jacket,948
Wall Calendar,641
Car Seat Organizer,839
Vegetarian Stir Fry Sauce,77
Strawberry Banana Smoothie Pack,754
Pasta Primavera,374
Electric Griddle with Lid,722
Waterproof Rain Boots,881
Travel Mug,756
Voice-Controlled Speaker,584
Camera Tripod,544
Wooden Puzzle Game,484
Essential Oil Diffuser,502
Creamy Avocado Dip,994
Almond Flour Pancake Mix,317
Cotton Basic Tank,989
Dual Function Electric Skillet,214
Ginger Turmeric Latte Mix,141
Salsa Verde,512
Kids' Crafting Station,879
Chili Beans (canned),750
Herbed Chicken Breast,395
Foldable Yoga Mat Carry Bag,387
Weighted Jump Rope,920
V-Neck Sweater,415
Reusable Produce Bags Set,120
Mango Chutney,948
Thai Basil Fried Rice,127
Spiced Pumpkin Soup,884
Ski Goggles,648
Peanut Butter Pretzel Bites,398
Bamboo Toothbrush Holder,603
Garden Vegetable Chips,683
Chocolate Mint Protein Shake,740
Artisan Bread,55
Red Lentil Pasta,262
Thai Basil Fried Rice,627
Honey BBQ Riblets,796
USB Desk Fan,402
Kids' Art Easel,987
Balsamic Glaze,478
Spicy Kimchi,156
Banana Peanut Butter Smoothie,453
Smartphone Car Mount with Wireless Charging,411
Foot Massager,227
Folding Table,856
Travel Beach Blanket,972
Peas (frozen),37
Mobile Workbench,710
Peas (frozen),829
Pet Travel Carrier,865
Sweet Potato Tots,698
Chipotle Black Bean Salad,48
Elderberry Syrup,385
Heavy-Duty Utility Tote,893
Rainbow Veggie Chips,699
Yoga Mat,42
Vegetable and Cheese Quesadillas,411
DIY Organic Gardening Kit,837
Hibiscus Tea Bags,835
Pet Reflective Vest,775
Chili Beans in Sauce,778
Chilli Lime Corn on the Cob,255
Multi-Cooker,789
Insulated Wine Tote,983
Yoga Wheel,901
Cacao Nibs,749
Lemonade Mix,428
Outdoor Portable Fire Pit,478
Fresh Strawberries,382
Self-Watering Planters,364
Coconut Granola,339
Nut Butter Cups,431
Skincare Set,658
Chickpea Salad Deluxe,618
Travel Size Toiletry Bottles,652
Dried Mango Slices,845
Portable Pet Stroller,613
Dog Frisbee Toy,989
Portable Solar Camp Shower,530
Portable Pet Water Bottle,515
Dishwasher Safe Cutting Board,1000
Digital Voice Recorder,922
Electric Stool Heater,97
Crispy Onion Rings,562
Guitar Tuner,114
Berries Medley,842
Honey Sesame Cashews,438
Watering Can with Nozzle,883
Nordic Berry Smoothie,684
Outdoor Adventure Kit,856
Ginger Snaps,708
Athletic Compression Tights,669
Chic Jumpsuit,455
Garam Masala Spice Blend,756
Beef Tacos,707
Ginger Tea,821
Portable Phone Mug Holder,565
Nut Butter Cups,830
Herb-Infused Olive Oil,136
Vanilla Pudding Mix,104
Portable Speakers,87
Granola,280
Sous Vide Cooker,318
Faux Fur Coat,481
Cotton Tote Bag Set,858
Gardening Gloves with Claws,299
Coconut Water,964
Smartphone Holder for Car,784
Pineapple Teriyaki Chicken Mix,679
Italian Sausage and Peppers,162
Tomato Sauce,264
Canned Black Beans,260
Miso Soup Starter,879
Cinnamon Roll Dough,613
Coconut Flakes,922
Interactive Robot Toy,480
Vegan Tacos,326
Maple Bacon Jerky,838
Kids' Building Blocks,867
Gluten-Free Bread,803
Portable Hammock,524
Slim Wallet,114
Compact Pop-Up Tent,155
Inflatable Paddle Board,56
Two-Tone Windbreaker,916
Puffer Winter Coat,150
Honey Graham Crackers,278
Herbal Garden Starter Kit,306
Protein Pancake Mix,180
Chipotle Black Bean Burger,243
Peanut Butter Chocolate Clusters,348
Window Bird Feeder,99
Pumpkin Puree,439
Pleated Midi Dress,646
Banana Nut Muffins,711
Fresh Cilantro,521
BBQ Sauce,124
Herbal Tea Sampler Box,695
Biodegradable Trash Bags,276
Foldable Electric Scooter,718
Water Bottle,862
Spinach and Feta Stuffed Chicken Breast,261
Portable UV Sterilizer,537
Organic Whole Grain Oats,627
Pecan Pie Filling,527
Non-Stick Baking Sheet,825
Blueberry Oatmeal Cups,811
Almond Butter Cookies,268
Inspirational Wall Art,95
Pizza Stone,942
Roasted Garlic Pasta Sauce,4
Magnetic Curtain Tiebacks,1
Almond Butter Crunch Bar,499
Sesame Garlic Noodles,267
Peanut Butter Chocolate Chip Bars,438
Personal Blender,643
Vegetarian Stir Fry Sauce,431
Organic Green Lentils,817
Classic Chicken Noodle Soup,997
Collapsible Water Bottle,686
Board Game Storage,107
Ski Goggles,783
Greek Yogurt Parfait,323
Chipotle Sauce,788
Organic Honeycrisp Apples,552
Lemon Sorbet,39
Andouille Sausage,530
Mobile Workbench,297
Pet Hair Removal Roller,557
Organic Blueberries,252
Athletic Jogging Jacket,303
Mediterranean Flatbread,43
Smart Thermos,482
Teriyaki Tofu Stir-Fry,777
Organic Tomato Soup,152
Apple Cinnamon Breakfast Muffins,146
Teriyaki Chicken Bowl,143
Roasted Garlic,607
Spicy Beef Taco Mix,474
Solar Charger,69
Spaghetti Sauce,134
Magnetic Chess Set,407
Personalized Pet ID Tags,205
Dark Chocolate Raisins,452
Dog Frisbee Toy,861
Organic Whole Grain Oats,530
Garlic & Herb Goat Cheese,413
Classic Pumps,520
Robot Vacuum Cleaner,666
Black Bean & Corn Salad,867
Board Game,519
Over-the-Door Hooks,297
Artisan Bread,703
Spicy Italian Sausage,34
Backpack,357
Chipotle Sauce,513
LED Camping Lantern with USB Charging,391
Ground Turkey,417
Herb Garden Planter Box,273
Vegetable Stir-Fry Kit,458
Classic Pesto Sauce,656
Beet Salad,245
Spicy Tuna Salad,389
Spinach Feta Wraps,456
Electric Nail File Kit,636
Frozen Broccoli,154
Almond Flour Tortillas,548
Berry Smoothie Mix,124
Rice Pilaf Mix,438
Insulated Lunch Box,93
Frozen Vegetarian Pizza,510
Silicone Ice Cube Tray,425
Spicy Snack Mix,13
Fitness Balance Ball,232
Frozen Berry Blend,858
Foldable Yoga Mat,824
Balsamic Vinegar,661
Pasta Primavera Kit,758
Sea Salt Caramel Popcorn,550
Bird Feeder,451
Two-Tier Fruit Basket,19
Buffalo Style Cauliflower Bites,638
Breathable Face Mask Set,274
Smartphone Gimbal,829
Almond Joy Bars,889
Phone Screen Protector,689
Non-Stick Crepe Pan,942
Organic Cucumber,835
Almond Milk,465
Portable Air Purifier,887
Travel Hair Straightener,749
Quality Chef Apron,296
Honey BBQ Ribs,235
Pesto Pasta Salad,751
Cheesy Cauliflower Bake,617
Spicy Salsa Verde,830
Apple Juice,541
Mini Food Processor,453
Mini Projector for Smartphones,483
Over-the-Door Hooks,446
Apple Cinnamon Granola,738
Animal Paw Print Soap Dispenser,849
Portable Bluetooth Keyboard,235
Chili Beans in Sauce,876
Vegetable Lentil Soup,205
Organic Quinoa,298
Digital Bullet Journal,577
Phone Screen Protector,286
Bluetooth Sleep Headphones,276
Foot Massager,304
Peach Fruit Cups,937
Fitness Jump Rope with LCD Counter,40
Belted Trench Coat,124
Electric Kettle,638
Pet Camera with Treat Dispenser,6
Wireless Security Camera,650
DIY Lip Balm Making Kit,3
Elderberry Syrup Kit,48
Mechanical Keyboard,541
Smartphone Gimbal,339
Tandoori Chicken Skewers,554
Self-Inflating Camping Mattress,426
Stainless Steel Straws,872
Lightweight Rain Jacket,282
Gardening Gloves,12
Coconut Flakes,997
Rice Cakes,209
Pet Travel Bed,872
Portable Pet Bathing Tool,471
Legging Pants,254
Adjustable Laptop Desk,790
Slingback Sandals,698
Sustainable Wooden Toys,158
Non-Stick Baking Sheet,234
Hummus Variety Pack,71
Interactive Robot Toy,114
Honey Mustard Pretzel Bites,286
Jigsaw Puzzle,206
Mesh Sports Leggings,971
Eco-Friendly Cleaning Cloths,435
Caramelized Onion Dip,703
Peanut Butter,935
Vegetable Medley,374
Hibiscus Tea Bags,827
Toilet Paper (12 rolls),79
LED Camping Lantern with USB Charging,694
Almond Flour Bread Mix,739
Rice Pudding,172
Smart Plug,708
Customizable Name Puzzle,450
Foot Massager Machine,842
Travel Pillow,882
Blueberry Oatmeal Cups,259
Instant Read Meat Thermometer,394
Travel Pillow,156
LED Desk Lamp with USB Charging,582
Interactive Robot Toy,131
Wooden Blocks,184
Mini Fondue Set,115
Children's Educational Workbook,512
Children's Educational Workbook,883
Lockable Bicycle Chain,556
Smartphone Car Mount with Wireless Charging,395
Inflatable Party Cooler,824
Honey Nut Cheerios,912
Magnetic Screen Door,512
Pork Chops,767
Veggie Chips Variety Pack,442
Kombucha Drink,522
Magic Color-Changing Mug,159
Butternut Squash Ravioli,209
Non-Stick Crepe Pan,560
Spice Rack,254
Voice-Controlled Speaker,77
Beef Sirloin Steak,669
Herbal Tea Variety Pack,15
Chewy Granola Bars,61
Chocolate Mint Protein Shake,501
Mango Salsa,279
Mini Air Purifier,77
Brownie Bites,746
Caramelized Onion Dip,961
Belted Trench Coat,924
Picnic Blanket,16
Mediterranean Chickpea Salad,470
Sun Protection Clothing,392
LED Desk Light,239
Golf Polo Shirt,592
Herb-Infused Olive Oil,96
Over-the-Door Shoe Organizer,806
Spaghetti Sauce,869
Coconut Chips,50
Electric Stool Heater,898
Sesame Garlic Stir-Fry Sauce,321
Breathable Face Mask Set,964
Thyme,960
Sweet BBQ Dipping Sauce,634
Portable Ice Maker,908
Chicken Breasts,123
Portable Camping Stove,687
Reversible Swimming Pool Lounger,430
Compost Bin,538
Creative Puzzle Game,972
Fitness Tracker Watch,196
Recipe Book Stand,182
Kid's Fruit Snacks,115
Beet Salad,32
Eco-Friendly Stainless Steel Straws,130
Trackpad for Laptop,965
Digital Drawing Tablet,185
Cabbage Slaw Mix,550
Glass Food Containers,839
Plant Growing Kit,262
Digital Wireless Camera,320
Bike Repair Tool Kit,433
Wall-Mounted Organizer,462
Classic Vanilla Fudge,597
Vegetable Broth,76
Plant-Based Meal Prep Containers,609
Denim Jacket,795
Personalized Cutting Board,328
Organic Granola Cereal,539
Coconut Chips,262
Herbed Chicken Breast,754
Window A/C Unit,617
Fruit and Nut Medley,76
Organic Tomato Ketchup,371
Wireless Music Receiver,267
Spinach and Feta Stuffed Chicken Breast,852
Silicone Baking Mat Set,108
Throw Pillow Covers,907
Chicken Fajita Kit,465
Children's Backpack,795
Tandoori Chicken Skewers,395
Self-Adhesive Wallpaper,538
Potting Soil,412
Chunky Knit Sweater,755
Lentil Soup,281
Gluten-Free Bread,982
Tailored Dress Pants,815
Apple Cinnamon Granola,624
Cat Tree with Scratching Posts,845
Golf Polo Shirt,6
Andouille Sausage,260
Vegetable Fried Rice,749
Wooden Kitchen Utensil Set,821
Magnetic Phone Case,140
Buttermilk Pancakes,96
Memory Foam Mattress Pad,496
Rice Noodles,31
Sketchbook,904
Scent Diffuser Oil,251
Portable Pet Water Bottle,363
Electric Heat Pad,261
Cheese Stuffed Jalapenos,544
Dried Fruit Medley,537
Elderberry Syrup,565
Stuffed Bell Peppers,432
Digital Kitchen Timer,658
Whole Wheat Pasta,977
Zesty Cilantro Lime Dressing,772
Adjustable Stand for Tablets and Smartphones,897
Pork Tenderloin,33
Crispy Potato Tots,973
Magnetic Puzzle Board,869
Cauliflower Pizza Crust,384
Electric Nail File Kit,410
Chocolate Peanut Butter Cups,746
Mediterranean Couscous Salad,708
Comfortable Bed Pillow,863
Silicone Baking Mat Set,872
Heavy-Duty Utility Tote,744
Garden Tool Set with Carrying Bag,616
Foldable Yoga Mat Carry Bag,309
Cotton Pajama Set,682
Trendy Bomber Jacket,933
Spicy Thai Noodles,482
Popcorn Chicken,112
Wireless Security Camera,861
Linen Trousers,48
Blue Corn Tortilla Chips,300
Digital Photo Frame,796
Electric Bike,371
Cat Tree with Scratching Posts,790
Compact Umbrella,852
Suction Cup Hooks,634
Wooden Kitchen Utensil Set,680
Non-Stick Grill Mat,856
Italian Breadsticks,815
Action Camera,133
Frozen Berry Medley,519
Pork Chops,655
Cinnamon Raisin Bread,651
Thai Peanut Noodles,974
Honey Nut Cheerios,646
Banana Chips,840
Pet Nail Clipper,924
Roasted Garlic Mashed Potatoes,409
Sliced Ham,447
Fleece Lined Leggings,393
Crispy Rice Treats,309
Cranberry Orange Oatmeal,448
Buffalo Chicken Wraps,869
Board Game Storage,112
Microfiber Cleaning Cloth Set,814
Aged White Cheddar Popcorn,59
Trail Mix (Deluxe),734
Maple Almond Yogurt,760
Silicone Baking Molds,18
Jump Rope with Counter,83
Tomato Sauce,360
Cauliflower Gnocchi,678
Mayonnaise,914
Cable Knit Cardigan,18
Italian Pasta,533
Smart Home Security Camera,6
Cranberry Orange Oatmeal,333
Garlic and Herb Rub,977
Portable Solar Path Lights,617
Chipotle Sauce,642
Organic Black Rice,498
Garlic Parmesan Wings,351
Telescope,50
Sea Salt Tortilla Chips,654
Window Bird Feeder with Suction Cups,456
Sweet and Sour Sauce,636
Laptop Backpack,315
Chicken Broth,591
Golf Putting Green,475
Almond Butter,629
Chewy Granola Bars,881
Creative Puzzle Game,684
Sliced Strawberries,143
Fresh Basil,66
Cordless Water Flosser,477
Hummus Trio Pack,493
Chewy Granola Bars,877
Board Game Storage,332
Smart Water Bottle with Hydration Reminder,733
Ice Cube Tray with Lid,503
Portable Electric Fan,359
Vintage Graphic Tee,429
Golf Putting Green,243
Peach Mango Smoothie,198
Spicy Tuna Rolls,865
Spicy Tuna Rolls,643
Gardening Kneeler and Seat,898
Chili Con Carne Mix,970
Frozen Spinach,364
Lentil Soup (canned),388
Cucumber Lime Sparkling Water,817
Caribbean Jerk Marinade,28
Dark Chocolate Almond Butter Cups,812
USB Desk Fan,443
Hibiscus Tea Bags,125
Craft Beer Mustard,878
Roasted Red Pepper Hummus,720
Pet Bed,235
Stylish Combat Boots,215
Wireless Security System,675
Chili Beans (canned),843
Pineapple Teriyaki Chicken Mix,225
Coconut Curry Lentil Soup,375
Golf Putting Green,640
Smartphone Tripod with Remote,935
Mango Chia Pudding,311
Maple Almond Granola,476
Sooji (Semolina),199
Chocolate Chip Energy Balls,975
Body Wash,4
Thai Peanut Dressing,60
Roasted Red Pepper Sauce,264
Voice-Controlled Speaker,712
Folding Exercise Bike,102
Vegan Mac & Cheese,504
Vintage Button-Down Shirt,764
Wall Decals for Kids,821
Chocolate Hazelnut Granola,746
Non-Stick Crepe Pan,490
Camera Lens Cleaning Kit,297
Reflective Safety Vest,72
Carrot and Celery Sticks,356
Classic Black Trousers,546
Organic Honeycrisp Apples,727
Adjustable Bar Stools,413
Wall-Mounted Wine Rack,72
Grilled Veggie Burgers,314
Spicy Tuna Rolls,199
Pet Bed with Removable Cover,685
Dish Soap Dispenser,27
Spiralizer,418
Mashed Sweet Potatoes,146
Adjustable Dumbbells,570
Chia Seed Pudding Mix,728
Mini Projector,381
Educational STEM Kit,630
Digital Thermostat,594
Jump Rope with Counter,940
Quinoa & Black Bean Salad,900
Folding Pocket Knife,502
Mushrooms,751
Organic Black Bean Burger,406
Customizable Photo Calendar,861
Honey Sesame Chicken Mix,158
Black Bean Salsa,259
Camera Lens Cleaning Kit,730
Car Windshield Sun Shade,799
Pineapple Coconut Rice Mix,516
Ergonomic Gaming Chair,695
Electric Stir Fry Pan,495
Smart Scale,480
Coconut Cream Pie Yogurt,998
Butternut Squash Soup,108
Children's Science Experiment Lab Kit,312
Quinoa and Kale Salad Kit,606
Pet Training Pads,776
Vegan Taco Seasoning,775
Garden Tool Set,116
Memory Foam Pillow,269
Electric Wine Opener,858
DIY Candle Kit,832
Pet Grooming Scissors,396
Banana Nut Oatmeal Cups,65
Home Brewing Starter Kit,107
Beef Chili,987
Garden Vegetable Soup,53
Non-Stick Baking Sheets,763
Personalized Pet ID Tags,584
Dark Chocolate Covered Raisins,168
Electric Razor,465
Organic Fruit Salad,642
Pretzel Bites,837
Yoga Blocks,445
Honey BBQ Riblets,221
Classic Caesar Dressing,353
Electrolyte Water Bottle,474
Scented Candle Set,876
Thai Red Curry Paste,344
Almond Butter,937
Fitness Resistance Bands Kit,668
Honey Ginger Tea,982
Fall-Themed Table Runner,539
Compact Digital Camera,389
Garden Hose Reel,267
Rustic Wooden Picture Frame,102
Telescope,752
Creamy Spinach Dip,962
Set of Silicone Cooking Utensils,924
Electric Nail File Kit,495
Rice Noodles,995
Smoked Gouda Cheese,429
Spicy Snack Mix,812
Wrist Support Brace,879
Miso Soup Mix,377
Acoustic Guitar,987
Overnight Duffle Bag,600
Almond Flour Biscuits,557
Electric Griddle with Lid,402
Marinated Artichokes,665
Wall-Mounted Wine Rack,217
Ceramic Non-Stick Frying Pan,400
Cranberry Almond Biscotti,951
Infrared Thermometer Gun,523
Mushroom Soup (canned),589
Window Blinds,458
Mini Projector for Smartphones,332
Sliced Provolone Cheese,142
Sweet Potato Tots,183
Portable Solar Camp Shower,295
Gluten-Free Bread,387
Arcade Game Machine,846
Microfiber Cleaning Cloths,939
Sooji (Semolina),344
Stainless Steel Mixing Bowls,664
Water Bottle,666
Board Game,314
Garlic Herb Seasoning,254
Gluten-Free Pancake Mix,891
Ginger Tea,722
Kitchen Scale,769
Watercolor Brush Pens,199
Spicy Thai Chili Sauce,267
Kombucha Drink,858
Buffalo Stilton Cheese,922
Wireless Induction Charger,19
Lightweight Backpacking Tent,924
Vegetable Stir-Fry Kit,926
Solar Garden Lights,308
Compact Folding Table,199
Wireless Keyboard and Mouse Combo,66
Portable Air Purifier,194
Magnetic Screen Door,713
Dried Fruit Medley,361
Brussels Sprouts,1
Organic Quinoa Chips,735
Cheddar & Bacon Potato Skins,147
Peanut Butter Granola,758
Car Emergency Kit,210
Multifunctional Baby Bottle Warmer,873
Electric Pressure Cooker,433
Apple Juice,78
Buttermilk Pancakes,357
Fitness Resistance Bands Set,370
Coconut Cream,403
Teriyaki Chicken Stir-Fry,869
Cranberry Orange Oatmeal,484
Chocolate Chip Pancake Mix,479
Kids' Crafting Station,786
Spinach Feta Wraps,566
Stick Vacuums Cleaner,345
Floral Wrap Top,712
Stainless Steel Travel Mug,203
Beef Enchilada Casserole,753
Smart Wi-Fi Light Bulbs,990
Car Phone Mount,325
Sweetened Condensed Milk,269
Kitchen Scale,917
Andouille Sausage,224
Dog Waste Bag Dispenser,984
Crew Neck Sweater,316
Gardening Gloves with Claws,925
Mango Chia Pudding,841
Smart Light Switch,454
Classic Vanilla Fudge,107
Garam Masala Spice Blend,460
Tofu,377
Herbal Tea Variety Pack,520
Hibiscus Tea Bags,177
Wall Art,610
Veggie Lovers Pizza,183
Patterned Knit Scarf,457
Organic Almonds,726
Stylish Wireless Earbuds,552
Sketchbook,510
Induction Cooktop,74
Wall-Mounted Organizer,259
Tomato Basil Soup,482
Kids' Science Experiment Kit,649
Home Delivery Food Journal,761
Chicken Sausage,291
Organic Tomato Soup,591
Frozen Acai Bowl,785
Ginger Tea,553
Maple Oatmeal,615
Italian Herb Balsamic Marinade,557
Coconut Cashew Yogurt,137
Self-Inflating Camping Mattress,251
Granola Clusters,180
Vegan Taco Seasoning,610
Strawberry Fruit Spread,31
Teriyaki Chicken Bowl,419
Wireless Security System,974
Carrot and Celery Sticks,230
Customizable Wall Calendar,315
Mesh Sports Leggings,942
Balsamic Vinaigrette,926
Memory Foam Mattress Topper,882
Canvas High-Top Sneakers,98
Kettle Chip Variety Pack,906
Coconut Almond Granola,757
Body Wash,346
Spicy Kimchi,486
Outdoor Adventure Backpack,981
Smartphone UV Sanitizer,187
Blueberry Oatmeal Cups,99
Sliced Cheese,836
Portable Folding Picnic Table,153
Honey Mustard Sauce,883
LED Strip Lights with Remote Control,395
Fleece Hoodie,671
Vegetable Korma,621
Mediterranean Couscous,17
Personalized Keychain,149
Organic Coconut Oil,598
Maple Bacon Popcorn,711
Spicy Roasted Nuts,296
Mayonnaise,884
3D Night Light,465
Car Phone Mount,657
Pet Carrier,121
Silicone Baking Mat,823
Almond Butter Crunch Bar,282
Smartphone Tripod with Bluetooth Remote,24
Wall-Mounted Spice Rack,565
Smartphone Gimbal,781
Compact Umbrella,222
Avocado Oil Mayo,134
Elegant Lace Dress,301
Sweet Potato & Kale Hash,603
Sweet Chili Sauce,99
Bamboo Charcoal Air Purifier Bags,811
Peanut Butter Banana Smoothie,811
Classic White T-Shirt,525
Vegan chocolate chip cookies,622
Apple Cinnamon Breakfast Muffins,112
Spicy Hummus,851
Portable Campfire,694
Tahini,929
Self-Adhesive Wallpaper,25
Screen Cleaning Kit,771
Coconut Cream Pie Mix,489
Ripped Boyfriend Jeans,668
Peach Slices in Syrup,935
Nut Mix,24
Stainless Steel Mixing Bowls,611
Rechargeable Battery Organizer,754
Organic Fruit Salad,302
DIY Lip Balm Making Kit,186
Salt and Pepper Grinder Set,29
DIY Organic Gardening Kit,651
Adjustable Pet Feeder,160
Oatmeal Raisin Cookies,774
Miso Soup Mix,676
Smartphone Holder for Car,432
Cabbage Slaw Mix,527
Multifunctional Pocket Tool,331
Chickpeas,8
Weighted Jump Rope,586
Waterproof Rain Boots,403
Portable Bluetooth Keyboard,611
Cacao Powder,292
Infrared Thermometer Gun,744
Travel Pillow with Memory Foam,184
Camping Tarp,121
Buffalo Chicken Wraps,799
LED Strip Lights Kit,361
Camping Chair,223
Organic Cereal Bars,872
Honey Glazed Carrots,999
Balsamic Glaze,331
Roasted Vegetable Medley,498
Sea Salt Tortilla Chips,945
Cork Yoga Mat,768
Gluten-Free Pancake Mix,420
Magnetic Spice Containers,699
Coconut Yogurt,415
Almond Butter Cups,10
Magnetic Spice Containers,277
Wall-Mounted Organizer,75
Colorful Post-It Notes Set,775
Silicone Baking Mat,447
Digital Alarm Clock,513
LED Christmas Lights,704
Wooden Blocks,936
Chilli Lime Corn on the Cob,983
Apple Cinnamon Granola,881
Mushrooms,913
Balsamic Glazed Brussels Sprouts,113
Coconut Lime Rice,744
Almond Joy Protein Bars,365
Sliced Bread,588
Samoas Cookie Mix,364
Chocolate Chip Cookie Mix,649
Blueberry Muffin Mix,536
Falafel Mix,733
Dark Chocolate Covered Raisins,178
Adjustable Standing Desk,954
Almond Joy Protein Bars,486
Lemonade Mix,525
Honey BBQ Ribs,615
Digital Stopwatch Timer,425
USB Desk Fan,10
Overnight Hiking Backpack,886
Outdoor Adventure Backpack,188
Margherita Pizza,176
Adjustable Dog Harness,154
Ricotta Cheese,227
Digital Wireless Meat Thermometer,987
Classic BBQ Sauce,160
Organic Ramen Noodles,326
Ground Cinnamon,225
Savory Snack Mix,316
Portable Jump Starter,903
Honey BBQ Riblets,476
Oven Mitts,519
Pecan Nuts,240
Lentil Vegetable Stew,930
Vegetable Korma,580
Mediterranean Couscous Salad,771
Fishing Rod,398
Peach Halves (canned),862
Savory Oatmeal,59
Lemon Herb Chicken,911
Natural Peanut Butter,444
Jennifer's Amazing Lip Balm Kit,418
Waffle Maker,362
Dog Waste Bag Dispenser,920
Wall-Mounted Wine Rack,701
Chocolate Dipped Fruit,437
LED Christmas Tree Lights,228
Mini Projector,199
Nail Polish Set,828
Athletic Compression Tights,101
Teriyaki Salmon Fillets,845
Portable UV Sterilizer,969
Smart Scale,895
Chocolate Fudge Brownie Mix,993
Electric Food Slicer,996
Toasted Coconut Granola,804
Decorative Throw Blanket,876
Stuffed Peppers with Quinoa,128
Stainless Steel Grater,605
Pine Nuts,247
Gluten-Free Brownies,357
LED Flashlight with Rechargeable Batteries,777
Savory Breakfast Sausage,1000
Travel Hair Straightener,23
Asian Salad Mix,410
Spicy BBQ Sauce,421
Mediterranean Couscous Salad,848
Chocolate Covered Pretzels,802
Beach Cover-Up,338
Lemon Herb Chicken,56
Glass Tea Pot,697
Pumpkin Ice Cream,457
Oven-Baked Parmesan Zucchini,851
Microwave Popcorn Maker,853
Induction Cooktop,862
Wall-Mounted Spice Rack,27
Frozen Pizza,497
Elderberry Syrup Kit,300
Crispy Kale Chips,398
Coconut Cashew Yogurt,260
Tactical Backpack,623
Maple Pecan Granola,80
Classic Bagels,412
Compact Portable Grill,320
Set of Silicone Baking Molds,651
Coconut Milk,633
Saffron Rice Mix,276
Fishing Rod,401
Cushion Covers,838
Chicken Sausage,124
Crispy Potato Tots,295
Smart Home Security Camera,35
Creamy Garlic Mashed Potatoes,49
Fitness Balance Ball,232
Linen Trousers,669
Chocolate Fudge Ice Cream,622
Face Mask Set,691
Blueberry Muffin Mix,45
Kids' Gardening Tools Set,364
Garlic Herb Cream Cheese,575
Cacao Powder,454
Stainless Steel Water Pitcher,231
Smart Home Security Camera,698
Canvas Tote Bag,950
Cinnamon Raisin Bagels,959
