name,email,password
Garold,gwhitcher0@sina.com.cn,$2a$04$gkrkhQCqqY1EgrQ4S89ZnORoCsg10S4F2qniyM1q6KD1oEooqvZSi
Archy,amenichini1@gmpg.org,$2a$04$qwtZ81xSMO6XuoEc5Zk0k.GRVJed9Rz8zSBOgRfYglU3OOqm72lUO
Wainwright,wmoffett2@buzzfeed.com,$2a$04$hZetWurTHwZEFN2C3nSejOBi9ElXUtYMWG7azS.kNOeYs2L2ZIpZy
Nathalie,nouldcott3@mozilla.org,$2a$04$WIP6m9O2pjfKXuDtFfZXZuwbtr6c0t7/47921cy5UEDQR5tNAFf82
Tova,tbountiff4@list-manage.com,$2a$04$WcWUoYaj.S2RWVEkoYwDueesRAR0GqzXNK1FAZ.2wsZAE8Gkz3Xhq
Lura,ljedraszek5@canalblog.com,$2a$04$fC7SEfU8maHorP.HD/V0Uu4F1KxWJ6saQvZ6ndSikzZ.HQIWiG1/y
Livvy,lbenge6@yelp.com,$2a$04$b2BYm/zIWbVxCsd/iOXEPeE64zZyqfaC3WIOMDuGgwwW8XvG2hOmq
Dorella,dgoulston7@people.com.cn,$2a$04$JXDHikGrU/Wt9u88/m0fIeE0wIgUDfsAOivV0cRldRwUd4RUDqP76
Thebault,taddington8@privacy.gov.au,$2a$04$kIiN/7CxWdamseAJcezY0OglfMQonUnzSBA1gv98zOq.2KTAcoUXS
Kaylil,kboothby9@weather.com,$2a$04$D/eFVScx2X60H9l4YOHp5eS0Az8yzmhlP5e/hSada5JsIZ7rE/3Ja
Wilhelm,wgandleya@ucla.edu,$2a$04$j7hLdmZ/Pc2NJaxuuk0SVOi25e6aaFjqJCNeTSfv3h6gQ0ec8eIUe
Graig,gflattb@delicious.com,$2a$04$d4vjxidZaY2yNmOQJ7PSxOVJH9KXcDAb/fMhkuf/X798.nlevUwQS
Chantal,cguentherc@nasa.gov,$2a$04$WOINs.B6noddkkigSglpGugcFOnIy.4J3JLwqi3k/A5yB6RMzDYmO
Corine,cidiensd@tinypic.com,$2a$04$45B/Hwwvblj2eHg0d7aAQ.BptfPHNIWUuW/l7Q9M3HNeJg9npnr5C
Nola,nbrosekee@bluehost.com,$2a$04$J9xmJy65nuYmq6LkcIY6jOgS4GJA/SskkS19K/cA/.EGZHLYvao3e
Allsun,alockhartf@storify.com,$2a$04$3uWOXAELBp7B7YkmkZyqjuhik0V5i0QMlGZ8uBqevqNip1WMJO69a
Cristian,ccallowg@virginia.edu,$2a$04$SepYbTNqCSSouGyVNfoLbu8pOiii2LXSp64ns20HxUar7.QEX5GZm
Wilmette,wmanzellh@delicious.com,$2a$04$IAKyKH1/EfwFdZn4bcZPyeFq98RN4VUqE43fDnZnXGYSWATZsR6rK
Jareb,jwitteri@ebay.com,$2a$04$eK2v/DAQ4/P7vi5PUYyYdu8jzZxWX88I3Y0M/Na/q6NQxZVYnj9jC
Cathi,cpoulneyj@youtu.be,$2a$04$YR5fUAGiz/Ip0VT6Eu.A6uh.69w8wfGOcUcC2fYTE17/JEU5WsueC
Mallorie,mmceloryk@techcrunch.com,$2a$04$9Elnv5rgjSRTsyAYZwsXQO8km2GjMeWHuY7I6QC2TY4J07CBe0RMu
Abdel,aschneidaul@mlb.com,$2a$04$MRggL7ND2H9uQnzNOwFGWehPkfOD1GK8ZRtlcABCR0vvnCWaO0k6C
Sancho,sbeernaertm@ox.ac.uk,$2a$04$A15T12irxVYtiZSDiMGjCe2U.C079jW/ceI9LDZ.2I3Ay9oLBhF4e
Kassey,kfugen@cargocollective.com,$2a$04$P3EcNFn0uDs5xq43F4o6JO9h8T7kpXwCfgvxm3tSIvX/GhTh2injS
Nicoline,nsprowello@cargocollective.com,$2a$04$eAAj17vQV./DWDgvlcnV5uSLQhhsEtPafblwabfUlhPWv2msqSvOa
Willdon,wjenckenp@dell.com,$2a$04$f4MoPXHfpfq7C.Jprvqr3.uRpyCrmo3JPnDdkqV4WI1Qp3yW/x8Wa
Bartolomeo,bpetrukq@drupal.org,$2a$04$Vokg5RmPX2blH5dKDOwVlupKc7n/EmYuAA/dhbqaHK8IasDORbizC
Walliw,wswetmanr@qq.com,$2a$04$Etd/T0fgJ.p6/USUzhZqiOzz6LpHV575AWxjhZ.aJS6cy/35cPqGq
Rivalee,rbunns@bigcartel.com,$2a$04$JBW5xXJmDx2rIRRhAjmbzu1cHguJd0zyPtS8Z8EX5j/XLMbk2WNjK
Wilbert,wkeirt@biblegateway.com,$2a$04$U8Np5K8L1Y7dAt909bk09utR8.yqafsPC/5B95vVTlUUassks.5iK
Anallise,aroscamu@cafepress.com,$2a$04$OPvSUbbfBSFYgikNNRYh.urRGygeO0ifnUNgkuEIxb7K.eBUcJ6SO
Kellen,ksidebottomv@npr.org,$2a$04$lT5zZvCOCGiCzqy4rcfgSezG59LfbRPRWPgUMAqZzD.aRfC3.kx.i
Kele,kpostinw@qq.com,$2a$04$RgFaplmIT0grgfRKnkI0kes05iFRVmcRaknNcQS61mfWlk.u0mRPm
Idelle,ireekiex@oracle.com,$2a$04$2JpvbtE7y4wBbW4jn17p3uFisjfmQ3nUGRMY9Dp9pv2ivwbazILS2
Emmery,eburnely@cdc.gov,$2a$04$IX.FxUh2O.wjvs7aNr/AS.tWt5JVyvlmsgM8z.K9aibK9wLC29DCe
Neron,nestabrookz@goo.ne.jp,$2a$04$FV.B4iwqPnOvab38zK/NoOsWcxRE5b2EIdlU9UQpyJjXV6vifHo7a
Barnett,bwriter10@yolasite.com,$2a$04$FB2cuiiL6ZM.ItrJWmz87OjggWzMJpc0MngZqFZY/3.VHsYotf0a2
Mariellen,mfarnham11@icq.com,$2a$04$9GUIh7U9RPwQCPaWkoGGtem.VNEFu102c642ZlEjTpgJLZsYPgrT.
Gabriellia,gcawthery12@mozilla.org,$2a$04$15fCp35EixLYS4iOUU/4sOTwzsLxGtGcaWpRadyVl/RiycYpodkGm
Jody,jaxten13@go.com,$2a$04$biJq5pboLoo47lIDWE9kyuQ.CXH6DWXrGf5.0LVxgttlFVqwyRRUy
Chick,crannie14@bluehost.com,$2a$04$EQkU2VTylStde1fpDS8axO2kPyBK0G50wV9W3XuPLcYrEZF6RbbjW
Carline,cjamson15@about.com,$2a$04$96qZlLlPX19saxZg/SS44.AuRpbyFUXnoXhHKZNZDrtTKJvqEFksO
Skyler,scauley16@dion.ne.jp,$2a$04$bWrlsWIqW4hJjgheoq8yxezfEr4ot4fosbBVZ8QRoGFX/7mrInJZy
Trefor,thover17@discuz.net,$2a$04$sKR7pGISQMIsDhTUtsZLpet4rNUNRWGffANn6GUHQ0W48JdzgClJ2
Anastasia,abaterip18@mysql.com,$2a$04$Uw1U2jjWx3F3ya98uSEcPuzZEGrv42ux3b9gxAt.Yog9Q27XgxS8O
Daryn,dtooby19@un.org,$2a$04$HYhbTb/y6YLWltCyC60m..L6rcyt0v79kpLEMF5J6fSDsABLyyR.6
Modestine,mgally1a@buzzfeed.com,$2a$04$g.WpBU2t82UJ7OpMUf15TucpFnZIxkQYPLOvNQARmXAlot0il/uLa
Marget,mstockford1b@nyu.edu,$2a$04$2B44LAj0CS/TN1PWcr8p3uKcsgXHEVX1UPo5bJwQVNeFVM71ePLAy
Baird,bkarchewski1c@webs.com,$2a$04$K9er2RA2.Qyx/hGGqWoq2.EuerNGwpM1WpGuNUBPPQDeb6cpvnGxG
Washington,wbrewitt1d@yelp.com,$2a$04$VjEOc.19ZDnZZ6/EyzYOZeGA7/jJb1qDRR6gBQqI6uFCOSU65Nh/2
Roderic,rscotchbourouge1e@about.me,$2a$04$OmMjGETyaEto7OsjWtB8JudWBd0tvzcH0Ycq4O.R.5GNABMS.AAny
Aubrette,ameek1f@samsung.com,$2a$04$qS3lDWCkTWdTQpQ57jOAzeyz0EsseJWEeDNtqf10BS5/H4qpu.IpO
Glenda,gfarish1g@linkedin.com,$2a$04$0Zrh4.nGhHhXINlNUNNkkOhb9EfqiiZu1.sUmx1O5mXKGvikUtASe
Ezri,eentwisle1h@disqus.com,$2a$04$/dl3YfwHar/EICVevROYrOoy6ZdW/ax4ZwP1omcIbY0mJ7C1oKDNC
Jenn,joduilleain1i@phoca.cz,$2a$04$D0NU8z3/EvPegqH/xWY2N./GfJmmk1i/JhmXo5kOHiau1u8u41g/q
Benetta,bspeake1j@craigslist.org,$2a$04$sGXzVjqj2yrOgTaKwzBxxuwzzaYFUIatHs/zbz1txAStKrzhrVbcm
Melodie,msappy1k@i2i.jp,$2a$04$F4Cl3NoNEbndhS3QPzADcuv8HuiI8ImgPNF//0jOf83.mztQnq0dO
Renell,rskillanders1l@unesco.org,$2a$04$piN0auhVUr4JTxeQFpQZbOrFn4j2bcvrESZaO.rT4v96Q1ked0Y/u
Matilde,mousley1m@weebly.com,$2a$04$tsuzPQFdsoMJHc.P.yj61e27n7PucJ6451FL0rBZ8iNWP2CyfCf8q
Thorn,tnazer1n@geocities.com,$2a$04$nrguqXPz/8OJRPKgtjICb.csaIKb8qZOLu/p6XOKFR8M8owepodY2
Latia,ltibbs1o@ed.gov,$2a$04$ICQjmidFvY1V2Kpl1GIZj.j/PmkcYw8D4bm4eL.PTBV0pkEss7dzC
Godfrey,glipman1p@godaddy.com,$2a$04$0WN.k5woc8txM7oYWZkvDOmr4cgxmhwZ2bWe1LUHmeLPVRTWZWg5.
Honey,hcowthart1q@slideshare.net,$2a$04$hbyN9Vseajisw9vV5rlgyuMoFTCD4a3tx0lYsBMuD41ez3/9PV/C6
Braden,bbradfield1r@github.com,$2a$04$ZIPy1yw65oYyB3P/ZoEJFeei9M0LuYeM6k0HW7Nl6qfWUmugV20za
Denys,dkobieriecki1s@dropbox.com,$2a$04$ViPesT32s1igds7OKByE8.n8Og1Ryhbr8t4O82s/TYmPB7jQjsWDK
Aimil,amaslen1t@wired.com,$2a$04$UVeA1.UowjzX4dOX/iP8r.pWrEl6nKjzwBuCm4.Ua4ws4UqK1f38y
Harland,hbriscow1u@ihg.com,$2a$04$eL/Lh2wnN5wRpVBRD2VbPukX5OCmYgnaCSaP5InFaKsjIJPYhYUkC
Millard,msowrah1v@epa.gov,$2a$04$PDNlVaUeXxtgWgXPerCUpu5uY5GP2BEhzHcTwiPrtnoQN6RQ2IcWO
Gabe,gwolseley1w@de.vu,$2a$04$/0/mq.NbMkdBUFgoFkZsDuCVYIdJSAogk83AQxbdmTiZq40hvc8JK
Winslow,wsoppit1x@stanford.edu,$2a$04$g0Zx7VJpzd8f.d5i6iADY.w4eav0L/pq7PW6icJNTNjkKvMcSS5OC
Sheilah,sostridge1y@microsoft.com,$2a$04$3Q9yeJhDAUnWZTH7uQd9i.JzrevmTH9KyYuvKh/b5Ty4Qy5/CzlPy
Griselda,ghuett1z@shareasale.com,$2a$04$JrVPw58WkpzUqgYhFDFBHOkF/9lrDOv/grZAIinWiWJXgbuC6v5lq
Annabell,asly20@aol.com,$2a$04$OhlIzvx2DYOv85R0W.f3e.hGYcIo7Y9C0dzZn1ccEdk3h8EJPS6Km
Berny,bbottomore21@independent.co.uk,$2a$04$Qb2C505M/FLy2Mj7Ge05HuNLzM7rXGzfqMIU2AnbRTCajRjt./I9i
Zonda,zmaseyk22@google.ca,$2a$04$jOz/dugGlxua17RyyPWJzu2m/UTi3VtVl7D4E9HadcsSpN.KtQ1AS
Mario,mcords23@clickbank.net,$2a$04$A8sZkqpPn8XiolrtYZUNMu7p7YQBuHVfx8C1j6js1UuiUH213DD4u
Suzanne,sollcott24@soup.io,$2a$04$MCIa1eqJxSZpXJFPRqrwxuFTalRwWCeU3CzqBLi6rJBcnmmxu15Yq
Audrie,apalfreman25@uiuc.edu,$2a$04$LyNS9IJBRjQwik1AYo.W1.Dj450An1Eo11Y4bAbQWzHwJ.2x5QGBe
Gerard,gcraker26@youtu.be,$2a$04$Vnj/g.DcYhU6yG/uNcAoaOfD9H1D.UPabx3LJo5MeoJEvoGtd6Cvi
Evelyn,ehaselhurst27@prnewswire.com,$2a$04$LqI5/LcKjrZRaBXHB4pCUOYNBC0JDoI7862jsGgGrKtJqjgUlOC5K
Diane,ddovinson28@sitemeter.com,$2a$04$En5MU2wzValnGGURR7x4bu4McNcpJPpd44QBMMeL3R2Xdi.KbTrji
Margie,mharkus29@mlb.com,$2a$04$UWupiaWKvqYTw7YCHzlz2.VzvE46LLZ.6KIdnDYWdlogh2NQyFyS.
Chrissy,chunday2a@imageshack.us,$2a$04$pnJD08791vjnlsoVhC1XT.0UuPMe7oFDnIvrSaY.bsO0BHsfvdWyq
Ilyse,ipawlett2b@springer.com,$2a$04$VdozmqpfGApHJm1436huAOSi1FY1h3BqB7CyeZJUojS6da.S1XN9u
Gustavus,gmorrilly2c@apple.com,$2a$04$EJuNTHPx516hKKbjztBwdOJza4y5JZl1rQ2bmwAdhiRgwPDtn1zci
Harlen,hyell2d@trellian.com,$2a$04$v5AjLiyvIpSpcRgylN83Nu6DZyaOCbh.1uDbqPKmvfcnycmU.t2Cy
Gerrilee,gwillavoys2e@boston.com,$2a$04$eGKRYdpW0xbHtdElrqiADu5wtfV6kE/RVcV9FKw0exT0F08qLOcLm
Brigg,bpaffot2f@ehow.com,$2a$04$xcBNMb7vtdQLlguPLp990OZ2qe2OsRJGqZRgcCcnLckHcHR8toS5G
Reggis,rvanyard2g@yelp.com,$2a$04$OcXyy5ZgLhMmeDpMCUl7VebEReBVBCnEjzK5SRV.cAuM4ofURWG7q
Pia,phalwill2h@sciencedirect.com,$2a$04$sQfNwxI9fExgen9Qz0Y/g.xLDZPSAv10SXXjpNBlKLZJnqt305wvC
Meggy,mboler2i@cbsnews.com,$2a$04$dnkkHa3QgUXLFJ.rmHfG0.XFLRfJ.C/fEE3vspzSkueR5KcL34oKa
Rodney,rmatisoff2j@ow.ly,$2a$04$wDK.gRDRlY4vRxRS3.fZWuRtN0r6rcjBqDB7prsf4VMtXQ3faPn42
Guillema,gbew2k@baidu.com,$2a$04$AWXdlePt8MrYhitU2yrftOxwq6EnAVkHcWLKnItHPGI163eVefiYi
Tiphany,teastridge2l@cbslocal.com,$2a$04$WsLg9/jYEKWX2YXfFvb7jeGe56wDR6qRIqNf1PEK/PNwSWgwi1qym
Dierdre,dhumble2m@scientificamerican.com,$2a$04$jtFYASwEdQNQgcWr6BfuxeK1vHTryPJ0RTQYPkA1JK5fTM7PHSNcq
Marrilee,mdowson2n@timesonline.co.uk,$2a$04$2cRe5iAfHsdhPFMEa42zx.tikBGKLYzGDUrbb0/rJzuUxXKW74WDe
Rhody,rgoodenough2o@umich.edu,$2a$04$LIa8prLyTtglNV60Ybc6Tezpgze3x.aaMx3ifmGZJQM1v396ItaS2
Agathe,aforseith2p@flavors.me,$2a$04$ZQm6MzK1w6Z7r1EgTL5gE.aGe0qqAKFTIYVxCBTx0Me7dpgsXqGVC
Barbe,bpreator2q@flickr.com,$2a$04$U7oVs9GUyxu.ZEuuQlDjOekYwftasPNND0yt10GwXduyNKxqBYIDa
Morgana,mpendergast2r@cnet.com,$2a$04$wp2D1QjFCldrFthPtU6Zd.6sBQJ7yPiNjAxhzVavnEH780dmxwI8u
Wallie,wmcgray2s@ustream.tv,$2a$04$HAuT6VYpGG8DzDxJr40bHOWhEyI/Vt8quqC9X0iZ2km0VrIIJHh4S
Jean,jgrigoriev2t@theatlantic.com,$2a$04$ngavcJhl5UGNV/34SWkH0OyT95JzTta0at0l0z.iuO6fOifMN/gPC
Ossie,owaudby2u@eepurl.com,$2a$04$DvYDlb.YncDV1B4T3pVH/eZKgdF4FenF9P6wpyL68Irt0jDU6mVPK
Salomo,sattaway2v@discuz.net,$2a$04$VV7HQYKDruvr0ArFW6FfI.eftbt0Bgp/mmD8CvWDt367WixcoaJWK
Darelle,dpoutress2w@xrea.com,$2a$04$Nrhnq4wZY9yYxQqnRCH9oeBx0LDcWEElvckuLloStVsOSmye.CQLu
Ardisj,agrewar2x@sogou.com,$2a$04$MtjFFSXS0h87bl1l6OdlpOnl5NEUsu5LWeJWOuj9zYdv6V3KKWB9O
Farrell,fwixon2y@google.com.au,$2a$04$k3DJotAz4OVSAK7u.OPPIulTPmNUgfVmyik7L9fkTdYu6D3HBBKky
Lacey,lgates2z@google.de,$2a$04$fyG2em1TvH33sczpI.NGcO9ybw6HWMVUjuR4t0RGnkAzYpMdxQzrm
Christyna,cgoldstraw30@xinhuanet.com,$2a$04$jDkTttZlst4nrToDx4ayG.AX//Wr/EuttRvp2nmvqlW8NTP6ZXPZ6
Arman,aeste31@tinypic.com,$2a$04$i0ctDeuiCt5oDimi443pO.x5SnYbmyJU9MQnNtUa5UdVdFY/P4rSu
Erinn,eswadlen32@google.ca,$2a$04$tHTvdfEA8PAhl2z.bpCa5uIyzHMb3dnIycVTGOZNKT2ZYV5wRLP6i
Harrie,hkidds33@cisco.com,$2a$04$dPKw/eaj6EaOH2w4z4eoYugqdw4eIeFlLYfUbwR5kfzOiwhSHgCke
Carlye,cscown34@jiathis.com,$2a$04$dqHFlLEygMFFSThzlUPrW.9PqviIAvMmPQAou/z.22GR.Se3/v6Uu
Evangelia,eglasscock35@nhs.uk,$2a$04$dSJJyq0./cv9om.m6p8Y/OOXzKb8o41VZajKb83HUIM9sESPJ4Gfe
Brett,bgosart36@google.com,$2a$04$AJdS7nxzMb1RB6tguFEJQOPrOPjRHO6PcRdn7oNZ3hH6R7p3YXhGi
Albertine,apridgeon37@auda.org.au,$2a$04$S4WTW7iRGj8A5CFObS5YAumOm4mPcDw9bM4ypvZDaglWomFL..ChS
Matthiew,mreadwing38@springer.com,$2a$04$wupRtcV6UdbS7L5VT/BYCOC4LMVC7ufjbBcBsWPFuSjkPUNDNhIny
Guinevere,gtrenholm39@woothemes.com,$2a$04$oxiJb1QEqrt2/.VjDrP61.akajf1OP9gJAIaFJp2CjUnfZqulraEi
Dalli,ddwelly3a@goodreads.com,$2a$04$Yy3VzeACTjyyUoSq2iudXu2oYGCBxxupVWwhmwUruuK5d5LuwGHVe
Gabriell,gpickvance3b@1688.com,$2a$04$PKu2Fwg1TFOnjCEgsZZd7eQ1rPn6Rn9NK6SJv9QXloAAonbaRZmT6
Nedda,nfanton3c@vinaora.com,$2a$04$Y5UdPxTaHivwcug8VgJWsu.d2.MfGGl7RYsAaFjUFYiqmraOa.Jyy
Mindy,mizzard3d@baidu.com,$2a$04$ZaU/An/x4t45hey6vvTYA.FlWZFmqpf.SPnBsXmJUAEgsCMtNm61.
Estrella,ebrent3e@youku.com,$2a$04$/CtHZm8gdumPbN6vQ35RVuoURcJzLB64KB2Z8Gz9ZePZGZjbUjFGm
Tam,tmorshead3f@earthlink.net,$2a$04$eZ.DWDuWwn36BXMNWZu4QemGxe1aAbIfiBwYosY1Agm/124bj0i1W
Sean,sattenbrough3g@example.com,$2a$04$gOGaNB32cwJO3aFgj5op3OIFv5krHXJ3UDMBMcSDHOnnt3xplajnW
Olia,olernihan3h@unesco.org,$2a$04$etPQKnb54B6rZbUf4rCOj.G5GD1omfp.pLmB2.xeb.HFSWCXRbwDq
Arron,aumbers3i@flavors.me,$2a$04$sSGhKIAdoDhYr0/onAJ9fu4sBU0e165OmpphrQ5adxOZOQE/I6GQK
Archibald,agissop3j@mediafire.com,$2a$04$Z8hL3Mux5H2mxbqJFP6JOObL/SmjuBCND5ixxu9NzwFgSl21/J1pm
Faydra,fcasterton3k@aboutads.info,$2a$04$kTu/zTpYVm2nuIx5k33cH.jcVZ5bWoKvrE.JHCji4rSjM99ItOua.
Ara,apau3l@discuz.net,$2a$04$OgWbXlX8HwbclNalC2dYouJzdYYwLDVfD9KOQDJO/lL5fKzJqlOzi
Dorthy,dtrippett3m@slate.com,$2a$04$uUzJH9IT9TxUhMNPKDsRF.lxwpqR6BZhoacexN/AU5Uo0hjC.1iOe
Larisa,lhupe3n@merriam-webster.com,$2a$04$7aZCnUg1s1MJN9v3aStbd.CceWm0yyuukSp4rpCyg4WjRAK8koLOS
Cthrine,cmatschoss3o@google.es,$2a$04$OHxf4mOudnI4WCSVZ1nDrOlzHUFWHfglVdh3rxSjN7uDL7SZSEuzC
Alissa,apenkman3p@drupal.org,$2a$04$huYHul23E4TIdZq82mTsw.foxe.NjJshTa7cNv/4.XCr3Gu1ek33y
Nikki,ntidswell3q@washingtonpost.com,$2a$04$vGIYZReQ2zKWgx2AEsASMOWyYAPJWIVHw2A5TD3i0X1ERUifZ19dW
Fremont,fguyon3r@forbes.com,$2a$04$HRHa8mesS.95n5psWtqPwe.3OKc2a8YniAe7oq6G2wkcvKSX/oB6G
Iago,ifibbens3s@unc.edu,$2a$04$JQ8SNazQWUOaT7R1M5WO6OtWL.q8YSUiUT/AqAlnU7NY5Ajywt5yq
Jsandye,jbouldstridge3t@chron.com,$2a$04$o55riPywMIPYb8q5PZnczeiBEra1fo7Mp0Ns3SlbAgXus0FJdiq4m
Deanne,dtuke3u@accuweather.com,$2a$04$FAYGTHjVCDuARCfvCtH.q.D6zxiXJlwigzWZpq1HsgycewvFG39Au
Irena,idillicate3v@histats.com,$2a$04$XR11Z/7TviWHL//sWEwFgevL.d5YjCHPxs3ZmfVqMF6GN.K10tWzK
Marsh,mruggiero3w@shareasale.com,$2a$04$g92cDey8XS4d7b3jf6qsueBwhFnCyXTjz3FL54cJR4OEy.ABWnO7C
Jewelle,jkohrt3x@ucoz.ru,$2a$04$vnz/WUpmcutntzo29vTSLuMiliy3w1f76lTuSNQfy5XrFnElhcVjG
Fidelia,fbessell3y@last.fm,$2a$04$x87iDk4Bd0E5ztNN4PfqnOezUFKxD1CgvKn3/1KZQHS3r5/nRlicS
Eada,emassel3z@mtv.com,$2a$04$GV/JFMjJaGJUkOonbh91QOk4onia/uzZ17dEVJBtP6.4Z9UKR7gIW
Jana,jthoresbie40@ycombinator.com,$2a$04$.hHyxgdjI3sIsYQ4uecgfe6kcPiZQiibLVmhkOFE.oBGZB/4P.E.6
Armand,ahargrove41@engadget.com,$2a$04$NLNtJCoQ3YCJB/FMjGeOW.Qi409sS.ja3.7ntjjFr2uA7Ay3quFdm
Ira,ieldritt42@shareasale.com,$2a$04$2xYYNVIOylBnaufH6rPomeEjOQmOeHBpphRziNeP7LXfqBPi/Q.cy
Brocky,bstrank43@walmart.com,$2a$04$rfWb0IqQ996GIfGo1MMr6O9NLmij3OHDZyeo5DiDjN11ch7WQw1XW
Stace,swebber44@sfgate.com,$2a$04$TC2eFAKgYjsw//RtmbNc2.fgNd3Nzzs3cqgyGE0iGikv9YSdu2hBe
Jody,jmatfin45@storify.com,$2a$04$1StoWQ0hJ6laotxXPAl95u1YlhPJiEAXjh6zpEgErSFpFavR4FCSW
Allen,alefeaver46@behance.net,$2a$04$tBEUsEYsJux7fzW5fa2Cxe/CtIheFRRTzA6ZKWTmq/a9LLkZXV28i
Lindsay,lgierck47@auda.org.au,$2a$04$6p5b4JvlHwdyS1enEQzOdeSgP5eRw3UKWlgLf5O4yEYlhTiIZ7pJO
Ahmed,amarchiso48@cloudflare.com,$2a$04$l6heuR8PuCosyKR8NRXhWuJvEKyaUdgtY60wBxotdd3z5zXXkNa32
Eloise,ewingeatt49@discuz.net,$2a$04$tH/VdLPixSxwUBXAqrGsdehCqjN.7ho/1E0oDMwzYRkcrbSeJ/Y4C
Emerson,erubinchik4a@github.io,$2a$04$j3RyvMO9fL3A07w5ECZS5OLfyVrt1uM5GY1nZUGbPhJYyFxw1z5rK
Sean,svanson4b@accuweather.com,$2a$04$VPIsyCTSQTLF5R93E6BMaOjIapfh2O0.10HL8fec9sJN7BkfAGxG2
Torr,tboog4c@google.com.br,$2a$04$vLt7MLFUbw5bbv3X1Q2PlehTKax2OIPAZZU3S1ThwYlA/3YlmluHK
Othello,osindle4d@quantcast.com,$2a$04$t8g2uqIHF/uURiaKWGHOFOrTlipItvzQrgIiQZaLyvPalFEXy9nE6
Whit,wgrowcock4e@phpbb.com,$2a$04$IDB8GS17iX6EX.A1/lZfsOF6b58YhPfIT6FCsWJD3hiu8n8dDn9AG
Dorise,ddunbobbin4f@netscape.com,$2a$04$gu4soTHoiPJnihRhtyro9.ssDbcyijpo8UGS7ZeltUgszSnHRYFs6
Wilhelmina,wgrabham4g@plala.or.jp,$2a$04$SR9oinkD7WC5Dv2DuI7QoeVauvg1bh3Y1wbSR51KH2N9/SpS4yJiS
Giorgi,ghaliday4h@squidoo.com,$2a$04$DmdMmgENzJUCtV/q.9PavuOzGNwjisfgyDcNBEc9FPh0JgTS5K4VC
Khalil,kizzat4i@prlog.org,$2a$04$97RMDy7f4HvKe301.u996u0U1i3FLZPfEgIb4VzfZ6AlEn7NVAuPK
Cherilynn,cfedorchenko4j@netscape.com,$2a$04$WCL37HK/2KhIf9qc67AI6.cpkvnBwiZcOYjGaxhcb6HgTaRgmYmHO
Halsey,hmacgeaney4k@canalblog.com,$2a$04$TQq4nmU1XTjTKjHe.3SByuCJZUJ09Q9DyLjWKmugFAl3eQLtgrh2S
Konrad,kmerredy4l@google.cn,$2a$04$MhQTAG2gM4P8GRkkiPVHkOrZfgFBkS9jdg1UJKfpS15cV9EAJUZuW
Stacy,sharrismith4m@deliciousdays.com,$2a$04$.9t3bBmXaUhTn.0S4Cmf8.b9d4x2fYvGFnDaw8J8Q45GHUAXl2Kh6
Kimmie,ktyrone4n@mayoclinic.com,$2a$04$38MMgvWR9l5JgM2Lc1jgvudEusYbt2iJxZx9bBbRxvhplp/dFE2Gi
Vevay,vshynn4o@msu.edu,$2a$04$nYtU3bK9tyPo.paSaeVIi.QutTI8PbLY1LCm7JAYg.kbeCuFWhNeW
Elnora,echiese4p@howstuffworks.com,$2a$04$bQCtTgYyxhqsAvBgTvjg2uFH1NF2ejnfaVl8Ow8gWai6XQQgZ.zAO
Chalmers,ccridlon4q@sina.com.cn,$2a$04$PaOO6R15biYdusSvwaVOxeJJrtk8TpxpsUjTxJRidXyx4FW2XM4J2
Forrester,fokuddyhy4r@cam.ac.uk,$2a$04$ZsJzFfF9oqXhtx1vsuSxe.1RVs3t//kuIDO/vpd2qob0Yq3nXGLnC
Carleton,cthunderchief4s@chronoengine.com,$2a$04$XuZwlOQMRNc8A31hNxmjMelUhEget1i35kPrHmTmmYKZYxitwOsrm
Bert,bmicklem4t@google.com.au,$2a$04$znOyvmT3Y.RmnqsyGYvsc.HVTPnoDLXph2vzmBDT.JnFGVAZ8.CcK
Michail,mcommings4u@ibm.com,$2a$04$yprqZfuSJcRqkatKUaTflORUqZ7dGAwhp.FlfY9Yynk7MiSlknibu
Paola,pswiers4v@is.gd,$2a$04$WPuyciJSJIa3WGhCjN0A7.9DVX47RfgtlC/.DPD6W7cXVV0gOuCWK
Danya,droddam4w@opensource.org,$2a$04$7kyXFd0Jk6nNufUu39d2Qu8VfvWnUHRHWWSYdXzr/1Pv5Eiaz6/Aq
Maurita,mkirvin4x@sfgate.com,$2a$04$Lh94JvkZbuuVpsRvPWZENuyF7ZYmyMrc75dLGzzz8h2zg.9HKM6ci
Willette,whiddy4y@gov.uk,$2a$04$E2PY35UxWt72EQgzBFdIP.a1AXBJJH/6Bmi7eVQ49bAjpDMoM2Ltq
Duke,dtompkins4z@sbwire.com,$2a$04$8Rrsx4RYAdjsqlgkJBzmUuTE7.1r4o.45kqaOxRALXkmjQuEqD9N6
Auria,amerrell50@elpais.com,$2a$04$aJWrrXNBr.tTIJkG5keiqe5o7FSr/sRJSkG3fVSBV3IgRMqraS9Da
Cara,chowsden51@dell.com,$2a$04$13aribqYEUaOMwDqwetA7eoTXm7tZQRTcWpk6kzGBs3xXEzWfwA/W
Veda,vbroggetti52@globo.com,$2a$04$0mnri/0DRjpPLgYMc0.kQebTp3ePc7q6Yf6C52rSqYDRiEt3CPnX.
Barry,bmibourne53@yahoo.co.jp,$2a$04$P9D39i/7ofWZty6SvKNfXepqdqEmETwrdYsHJ..iY9Icv0MyjXDyO
Earvin,epifford54@eventbrite.com,$2a$04$FjHAvw48D2DYfzYZthzmKeAVeNaBnOyylVHmpBH4YXEbYnbWmEy6u
Tova,tbiddell55@gnu.org,$2a$04$uzoU0btFjla2QzyS1ETH6.guOfr9eFODT/9mQoSqKURFdwP3xIQja
Costanza,cdelve56@ebay.co.uk,$2a$04$AszfAFKaaSxWxbIwjhPgoeqvM87JB/HszXQMvgxymecfNp03UZGuC
Neysa,nnicholls57@mail.ru,$2a$04$XNcO5Blwywa6cNFgtLkxgeX2fGi.E1H3wi.PxYgvWPYwPRJQoSWDS
Gerty,gbridgewater58@nhs.uk,$2a$04$xQJAseLesV5dGL/Nqi7/.ON25F8rCIf6BcNMhTgsLnnFjjZTYQgie
Dewey,dstickels59@drupal.org,$2a$04$vVZX69MEk0a78NqdDSEWGuqLZ0/Rv5Gzq2DjaxgsgBCqg.iZWJqEO
Lay,lwincott5a@rambler.ru,$2a$04$Jjz2zndLCwSRLlNUMoW94eZTwmvjohoMPhnqk9Ovd2gEzEcp1Ajfu
Osmund,ocharlwood5b@prnewswire.com,$2a$04$uWSEjNfAAtwemnODWDJ4wukDMgiFUIn3ZjBe3mbnkw2gxp6yDS98G
Carolina,cfranks5c@hostgator.com,$2a$04$RwuWgJE21COuO6x.QEpc4eLTQ6j1BpdItrEcPv.qwx.6WtXyhz4r2
Jorie,jizchaki5d@jiathis.com,$2a$04$i1xgEbjZzZz.pkeCYj0lxe3Qp4/pCjA5uYl5rTAIjpI4NGGUwz.o2
Adelice,ajoslin5e@cornell.edu,$2a$04$Zr/uYhXUIKPIp5xbFGONceBqrYkSfgLFG6ZumgwP1bfcEH8/j3Uma
Pavlov,ppoveleye5f@so-net.ne.jp,$2a$04$cnWA.r7MGNu7qEf8a6hFuOYRSV1qt0lPMKQcesU0240LjnXJ.1npi
Cassius,calford5g@studiopress.com,$2a$04$4L5ws2n2.T.r./TQJlm8c.x9YUfC1U5bUByEc0yXupRefuM5/E4mC
Manfred,msinclaire5h@newyorker.com,$2a$04$AbAbt.n3JfWGfo0GDHNluuoBvNpwko2NxXs8bnf1JNJu5CunSPPpG
Demetris,dkleanthous5i@aol.com,$2a$04$Ev/MMmyTFNehOhSiTK/phOdeIaH.iAagRfWz9Rwab1hUmELj2/CGS
Magda,mshinfield5j@devhub.com,$2a$04$5fn0xdYmA/Ceq1GVmJ7JgOJcndWNSl3vnhEDXEVgRSPNG6dKQQUhO
Drusie,dratnage5k@ibm.com,$2a$04$Z9ksbScJjQgMXHlQSOH9heBkClJCP29qOPnQMuR6UXGnhbFyjYAw.
Araldo,asimyson5l@feedburner.com,$2a$04$am2LuIC9Pvp6BV3mMB310eL.1KqujhyCF0E9TEIEQrYlm47DaxK4G
Dare,dlatch5m@t.co,$2a$04$R8WsDHMhnhrVgLrn/WnC5eN2gZUejiFXSl1w7NZUL4EpR8r4Pdg.C
Bianca,bhickin5n@cocolog-nifty.com,$2a$04$a8EQvJnx5NjitTpbCb0fqOaq/ahRB9OtaMEyA4mAxWtIr68/WjSTO
Rory,rrawlence5o@toplist.cz,$2a$04$eFZ.JvxzkI.1xf8W7lYkheu1fXd3woAV67VqlH0Jq/Jwfpln7Krim
Alyse,adouty5p@prnewswire.com,$2a$04$taqkTwL4YDZGTta/0/pKWeCXVKZytADjHW8pfUuMU291Hpqmg3wlG
Melisenda,mgariff5q@abc.net.au,$2a$04$pcOsrMFv/dfDemVgrpZBneeJDEi1DMeKmi0MRSVD3ugeP7GIiq5HG
Yoshi,yyendall5r@google.de,$2a$04$KKq9QiE7toZYXJNi1tfitOYg54F.xGzm4/NoZZZEIp4qZ0zYITsVG
Addi,aspurdon5s@multiply.com,$2a$04$FiPIDS26HFggWXmf.Tc1CO2281VOFfs4.UBK0wupUG169U5HpT/Zq
Imogen,iday5t@furl.net,$2a$04$1ibWQqrKtSGTFzTP3sfpduKcLBbO98JgidcuA5gGH0ttUK9NcwRiO
Bale,bsoloway5u@tinyurl.com,$2a$04$TCCTrntAADzASYmXIlTIMe9R1yGkY0QKsFqH6f3tMVKjsMme0z8I6
Duky,ddolligon5v@istockphoto.com,$2a$04$5lvz4dsp7X.Qux6/FApNO.YeiF3fgK38jyk/z630s426wcudqRWby
Carmita,cville5w@wordpress.com,$2a$04$Ww7oQvtoaVpZCAHf7fMGeOYhXg2P7uXLBrBM9qKHr1ZXq3875aixq
Kennan,kgomme5x@yellowpages.com,$2a$04$HtabR18PhffQmFyahKoLNO.3SbVZEgmosd8WBdLEBe33uni0OvDzu
Mira,mmathieu5y@mayoclinic.com,$2a$04$Qs1VSOuR82N7ON0vh1KY8.BBJY7oYkcSoQ/A.TPBnpcJLRWxga16q
Esther,eoylett5z@psu.edu,$2a$04$lQYObJe2XSN75IAcWmSIhO14WhlOlrGwYyGdOyjwV8erXeVVdu9RC
Gertie,grundall60@yelp.com,$2a$04$kmmi1yM0ZMVYjFQtxMNPl.P19S0DNFFEX0Faqp2JbHfIbQI8nIF5u
Frederico,fwulfinger61@linkedin.com,$2a$04$XawPT22RrC3PbxJeheNAuulziI/gZVC6BofN6DQ3UT9nFK7uJIZrC
Sheridan,sgeipel62@berkeley.edu,$2a$04$.vZTUsSE1S3nNTZEUw/ec.jLwhXaEzPgMF9r07akw34qUN.szVPj6
Rice,rearley63@state.tx.us,$2a$04$U1icCEH2lEULwkZxlEY/lOl9Nv401NdByfxpmhom0ju7cesydvpoS
Port,psooper64@ihg.com,$2a$04$woJrb8CtR808qmt52GPb5.Tw4rM23omdjmdyRT5wiNbpotMkkt.sG
Wendi,wdofty65@latimes.com,$2a$04$0EOBZqYuYCPK2SJxsD6EoeTM7BxPtqmIw6AkFQgPfoYmTgBCg8Q46
Aileen,adominguez66@cdbaby.com,$2a$04$3eaUMa4rxZFv1kcqTmNL3eylwNzQTyZ2e7/qiKjTDw3l3Jlv0rPIq
Ermengarde,enovello67@storify.com,$2a$04$LMRWED2ejWsKdG/F2ySZS.SUoyZAwfEYVIJ9d00UQq4nRsKSZyYuC
Aloisia,aballchin68@economist.com,$2a$04$ktLRT47oACqE1R9x4JxjTeXBkrsCCaR2GUtOon9RCaby8.44uqDHS
Doy,dsagg69@sun.com,$2a$04$4YDLyOTR1kFGz2lavkm6jOdSywdEDHgMoboFPH3tXTcJR2g87JDXG
Vonny,vpelos6a@surveymonkey.com,$2a$04$aPU7BVzKriBEr1SsNsnvm.hIoduwC./xcqISOmXifpKT/Ps42v26y
Ignazio,imarguerite6b@hatena.ne.jp,$2a$04$Sk2fDTXHVwU3yzc7bnNk.ujeGjoXI.BrSILwHghtS2zzb.mvAGeCu
Lavena,llaingmaid6c@usa.gov,$2a$04$P/LGwdBYzo4b9x3.Goqxduzwf6HTpNTcN7hw/jXkyr4ZbVoBexSE.
Gibb,gpepye6d@reverbnation.com,$2a$04$S1FUd.R3mRGLDBbKoHh.meG1RnzAkmlCuBWjy9YUNUJu2IxAz36y.
Pansy,pmcgeaney6e@flavors.me,$2a$04$kgym76lw.cn9.JCpmBZq0ucrvgJQZ.P.Hrs3bLLWsweWwWwntzUyW
Othilia,orobbe6f@deliciousdays.com,$2a$04$VYAfpZ3HYH1b4JyZa0/lNuBusSBEvmt.igtvvFnGr2gmAgEc5LtXu
Gert,grickson6g@slate.com,$2a$04$lzODAaeF2yAiw5JnOil.zOCAfPOFWJFZCkbhafUnYx1qMyaifbtZG
Kathe,kfindon6h@ycombinator.com,$2a$04$upXLswKAAXREs2.ny/j4uu7gMLquZ66TdcL1VlslLz6X2tktoDTEq
Bevan,belderidge6i@liveinternet.ru,$2a$04$yKZ038W66.SRb5XHp4gEOuy3.yyuVwA0c73PDqPOIL5gcjtfT88pC
Pepi,pgallop6j@ocn.ne.jp,$2a$04$FiMSvdGjmVLr/t4jCqhkeehb9DpDv4OwaqvGjcZuDG4ONduokGcZq
Amaleta,asarney6k@wordpress.org,$2a$04$fMhyGxPdnFvmoz2KcscYZ.RSwPxrGfKgFEGtteLdbUZzlywct0kk2
Lisle,loselton6l@indiegogo.com,$2a$04$7Xqtm5KxsuCuBADi4Z.49.m2D/GixXD6YaApVupAfOH26fgL.Rmbi
Darrel,ddebiasi6m@aol.com,$2a$04$AV8VuxYlLNUrp3AXpD029u49hXnvJyeUv0yfLhgBpTlbeV64tnmPK
Hillier,hpenhallurick6n@pagesperso-orange.fr,$2a$04$l/26ii891na9RQtu12faoONLqo6JlZ.BpD4HUsoqkWsu3IZuwFkbG
Courtney,cmclagan6o@bloglovin.com,$2a$04$MKpfQOv5iMIEYFl8tSN22OCbpRxC3RvQ4b67FiPe1I21K3v0JW/AO
Britt,bcollelton6p@merriam-webster.com,$2a$04$RIyss0f8i1Y.UAbcNfQFBOHU88VR.HXKUlv4oGHN06TBFX2BUz79S
Filippa,falison6q@nih.gov,$2a$04$27belw7OYv4fD4lY65RYPuypjiDjRh7oaBIRw1vrXxNShu.ZpcEFa
Hunfredo,hgimblet6r@unesco.org,$2a$04$iZ.90fH0ZYhVeo2zjBC8A.0Yab/mlroha2PhN3/ATtkWmBKRDM146
Baird,bcane6s@cisco.com,$2a$04$EqtmHm4Jl3jocfb.JoyNhO2k//N73VbRPiZofR6kqT3pDeX3W8EKK
Leora,luman6t@imdb.com,$2a$04$fFBvAB3ZV/I8./yrdgi4bePH5kel7l5EmHtvKU/opPSyLCSYaGeWi
Inessa,ibroomer6u@ted.com,$2a$04$Bm1KppuoAnC2Q1QAoWarlOvdy4.2GhnlEGJ/epAvB2LL2j9ddBDfu
Frederic,fsarchwell6v@gov.uk,$2a$04$WG2o417osfmbMH4BUONgXOZPreVUhkmJn789Esnxe8SrCfBXjFKS2
Chandal,cmclachlan6w@addthis.com,$2a$04$PRWg4RZC9aUy0Rc3v.i3KeCXR9StNNIBGmUxL/N0kbrK4m6tn1Tse
Winny,webhardt6x@spotify.com,$2a$04$jLOa8vUdSW7O6HLLtQkn7OAL5XgfwRyuCwVT3suaEw9WCTe6l8GKG
Conrade,chellard6y@imgur.com,$2a$04$N0EWKvjjVkGTB3OdgLor8uudeAls89Jg3g3lFlElSdgXpZyEe3Jgm
Nelson,ntopes6z@networksolutions.com,$2a$04$NO/7lxGzxdNw8o0HcCrxk.4vMXyzHdNuBHYuBL2KddwFCzBaGYpiO
Giffard,gbosence70@mac.com,$2a$04$9A9Xj9zZuLF29qPfKVYZ4uoM1qInPYg31VMoaQ4T6sXq7PahNkUPa
Bernetta,bnoen71@desdev.cn,$2a$04$eqRubR/16AI7r1ik2HIb3.xj3r6I2er69dEhT3UiR4QUvDf.9xViu
Enrichetta,eogarmen72@ed.gov,$2a$04$yIdUqWFjh4RsV6a7KxNrG.xmsTK1UlG4m1iAhrFj75FtStjRowaNu
Abelard,aalbin73@typepad.com,$2a$04$w6Lixd14pmDjeHPpBjVTnuf3lwXnTmsiDqgyA9VJCgr3CRYpPAnDa
Desmund,drugiero74@technorati.com,$2a$04$8kZ04FM5oFfUcztVQdfvpe/jeCe8cKqv7Owoy6pgPA57MAI99/1h2
Jenni,jmcgriffin75@twitpic.com,$2a$04$QbVj4tNjYZ7AvzOjPCbkfObbuWZJHYti18Ox.zyzbP.hCIrzpYUxe
Onfroi,oriccetti76@google.com,$2a$04$.b1VyjiEUmOKGxLdnNoNJudt.PIQn79IgjWWF1V6fCRoWnxYhcv3e
Elana,ebuckbee77@reuters.com,$2a$04$1feUJqbD6.SSBJzr6Y3BVe1o6Pf0lcHQr4orMaWcLdn2/sdbjujRe
Opalina,oashmole78@dedecms.com,$2a$04$1vCPMCzZlVB.XqRWeeK/fOtVWQMKkBV/gPTJK84p1L8O/gW3vyUnm
Lurlene,ldawnay79@github.io,$2a$04$d.WqXXIjawpGWfOHHbTp/ehduROllPaHyFYs63PoblTcz4nX2wmm.
Aida,amulchrone7a@webs.com,$2a$04$UX2xvP0ElnDJw8BfeHBx1enMb07iW9a.r6T/UggIuef4w6C96heZG
Weston,wgillingham7b@forbes.com,$2a$04$r3mInYJO.xuDaezyQnrM6OCOS1/oUXaBGh0R8YRxwM2H7GiOPLrs2
Maire,mbonehill7c@github.com,$2a$04$.mdSrxHBuRAJNrOK5.ot/eEF1HDWqfrG7tvVXxtBTuekVyGRRye2O
Karlik,kcrouch7d@npr.org,$2a$04$/hFg6zCYmRYqv9stSQLcZuH438lsLKt2XAha4Sy8xUOcACUppwHyG
Elvyn,eghelardoni7e@deviantart.com,$2a$04$kV4Sh7wshP3GHIwABenrV./DoYIkrls/yT10J/Z.NVbx.9ZzeQgn6
Marty,movell7f@dailymail.co.uk,$2a$04$XVMd5.2KqQVR2VjPGE.QhORyhL0aB90kCyCxcqXFRn0kWnenNSP8G
Sadye,ssiggin7g@chronoengine.com,$2a$04$511jW/qezYGekC7T9F5ktOBhB1gcXnViCd4xg2vXqhf.5w8whpB2.
Gus,gpetroulis7h@mashable.com,$2a$04$Jy2iDmzgjR0EzdfT7xb5FOUXHUL57tnXR934rXMKFKnal0WDd.CRq
Ingaberg,isogg7i@tinypic.com,$2a$04$7x409FqIMHtU.YPgx11Zg.Tcv2mMdoJT2nfWxebzS6zx5rvIiTyrK
Abba,aberceros7j@slashdot.org,$2a$04$ilLTV13HKU7XQfm5L41h5eEinVGsc7NFgcrFpfLfE7CIztcWNLlAa
Ambrose,afairbanks7k@nature.com,$2a$04$lXKvosKHUmzqSbYzVvZ5lOlMAIuVdbXKjZHNTsCRnd2F7eSgeRWw2
Avis,acicero7l@weebly.com,$2a$04$kbp.Q3hw.Ujnq2ePQ3fwOOn6EDaaMuCh/.3ad0Te7HCZafJvaz8Nu
Addi,asiddon7m@tinypic.com,$2a$04$ucwoFXi1.oFX0c.g8WAyf.Nl4LzekYC3MQ9ZXt8t1VPsFVAWVQATG
Nikki,ncrosdill7n@ibm.com,$2a$04$sTzBU/fzXniA1IGVaYRxHuLkpG0TRvbGXKKf9ZoKi5ae0acmheZsS
Norby,nstockall7o@4shared.com,$2a$04$B35rAxtHLqIkDqttZkeCf.v7YpzsWrETBzxlZskLpZyvtxKQXoXuG
Stuart,sdevons7p@google.com,$2a$04$tuE0JSM1nYpGGRYpinb.duC2n.tcxfVMDpWRQ/3emspLfrLD6IpNy
Jaquelin,jsehorsch7q@google.com.au,$2a$04$KTXie1rVtaJ2OMLu6VZYpOhZmVpODEuF1D7kCRke0IVaeaN68e0W6
Erhard,ebecaris7r@ebay.com,$2a$04$CyBKpbUI6iuzy1o91uVwFOqQaA900tdfh4F3DP75OzbQzJdADjpKy
Micheal,mkleuer7s@google.com,$2a$04$HULo/OSOGjIQnF9zNYS3a.uNf97kvU20hzPyz6FHHLcbtJeRiY6Me
Belicia,bbulbeck7t@reuters.com,$2a$04$ayxUSFo8jtUP.zKi3iZyf.tgCnQG5C76Xm7abPmkOjwXxVckrB.Fm
Giles,gprydie7u@engadget.com,$2a$04$5th5/yxf/gKlMim1XtNbYOdHf0Zx1kPS24uI00gHDBcWeURIvXd5u
Reiko,rhenrichs7v@utexas.edu,$2a$04$0kWAS3nk1XiLHsdU4ICeCeDgO7ejx/B8GGyvm4SpBsNvN1hhiC7ba
Ashby,aglasner7w@themeforest.net,$2a$04$czl9fsA0gsloF6/gSWY5W./eDwtRA1svhaXyErMKKmq18aJ2..2Xm
Tani,tblucher7x@fc2.com,$2a$04$kCj.SWXUdWz.GC67mLYDj.VRzVe9mpkK59WNR453nU4sImApSjzg.
Adriena,agarnsworthy7y@rakuten.co.jp,$2a$04$AT9.w3mJ7az/M80tscFQjuVrFZHWfCf1k6SjTERm6VOW4/i9pb1k6
Garwin,gburditt7z@youku.com,$2a$04$fwD1kCIFE2LGQpY/cvxf7.UFELgQ3zm/XzkzLuczLd53zCWCbLFn6
Evelyn,evallery80@unc.edu,$2a$04$6.ATKl8kdiWT9cB3TF1fHeVNge39iNJ.deni2AgxMv.f/qO6Ho9nO
Georgia,gnowick81@fema.gov,$2a$04$w6S3N.SEgRFeUn3RsSL...7vjRD8/BXVDeaQXh98tbniXAs/Gw0Y6
Ervin,ehenricsson82@nih.gov,$2a$04$6uTafWaQ/An76M8BmhKF0edJvzx2SWe6BOXujzX.fIZOGu/aPza1u
Morganne,mmaryman83@twitter.com,$2a$04$H3ndX6tzHZ2RzsG0G.p3.uApaJan4gtwtk0eCVGs7suj2pV03COnm
Mella,mfenge84@squarespace.com,$2a$04$9w.l3McDU2zdrXayU2dFw.O/I4ZJb/1slhDCBLyQ3M8zGeKCUC7Bu
Spenser,sosbidston85@livejournal.com,$2a$04$8FwloyDeLilG6R/V5Z4txuECX3fjpjKofW6Bk46yhiKrAjvhU/X7K
Wittie,wconre86@yellowpages.com,$2a$04$IOgVu9t1mrGjGZtEDM0Tm.BTYRZpLsjvcpFOwpFNGsfWzDf4LQz1m
Katleen,kbromont87@statcounter.com,$2a$04$IK1kcwcEzZ5qKj5TJVbmz.xGaLO465XUS5gGdTQzQVnC4NadMaODm
Aleece,anuschke88@businessinsider.com,$2a$04$pDOO.vM8FfzoIdzT9mzS2OXt8TlGX6r5pmr8yn9BigK4/xiOpzIoe
Marlane,mthibodeaux89@ask.com,$2a$04$TIfMX6DRDzQZfsjH208j3ePYTbE22V88gN/flAr7JnpgAxrRmvnNa
Nap,ncrunkhorn8a@yahoo.com,$2a$04$YDVslu81mPB2/WWdWf/yjezwp8zRNdnBrL9WojEkSZAqLro9kSUgW
Jo,jdezuani8b@google.it,$2a$04$1TyVmFK0uyA0TNo4F1oD/OLheXJOpm4OWZ2VlDZy6QP5bJ7GsVX.2
Alva,agerritzen8c@yahoo.com,$2a$04$2VswZ9l7zYuqs7nVzKHxA.ZavROvLkQP2Cm4trcvPQgIOIEbqftAm
Jeni,jkohrs8d@wikimedia.org,$2a$04$UqrDNHE1cbI3ETtuoxz6oOyQr8W272n2juiO1Z4a6oX1quZNJSzFq
Marquita,mgoodlad8e@diigo.com,$2a$04$HiEVN1aEtgioqGacRcsfpeEda2P4hTauLtmD8vwtKLP0KN6bJzCp.
Natty,nteodori8f@surveymonkey.com,$2a$04$MgMxopYonBqXzxoeWCqQNe/N7ObHVM7OzWRJqKLIxjRCWDmmXZU3.
Salaidh,skermannes8g@slideshare.net,$2a$04$UhP4t7kmZslEimlpJ01giuB6P.yLyGesiTrn.8pQd3cVMbAwCD7ce
Teresina,tbohling8h@weather.com,$2a$04$ALkDBh2V0X26DTqqzaeFjeoBPN/w9UHdQ8URu7zeHI4SAMzY7wSP6
Laurette,lgillingwater8i@hao123.com,$2a$04$9mxuwCIQ0DRq2gtzYwKHa.Qc6hi52SOxD8a9bdHkmE85y5nB/xxWW
Ambrosio,ajosephi8j@ycombinator.com,$2a$04$FI8S9yiypEFTxQqI6I60TeHv/gFDvA13ffpnEFBWyHWMN9fx/6BcK
Elyn,edjordjevic8k@mashable.com,$2a$04$voDLp0ZGsn3rHH8loSgA9Ord.wK6cn40AFYYQxSJeVODuOFJ.0y1C
Sancho,severingham8l@nature.com,$2a$04$QkdUyKx23PNV2XaFLmQZeO0fMbqTExtoPORAjtpHVKc17LZ68SLoC
Aubrette,apolson8m@bbc.co.uk,$2a$04$Os9bOqFWJhifakyQrYTKDOFSdxwofdEWkdzU5vfi2y37Q6u9OVn.2
Halimeda,hdibley8n@miitbeian.gov.cn,$2a$04$ch6uMxH8bjaPxh8UAXeeWu6PiI18ddVYoB2iMw4KsiXei/kRaReoe
Olly,omoodey8o@mapquest.com,$2a$04$jG9I6vTeVlArKbvwLMLOgeRa5o.shbQy4xy.VQKG5mYx4.Aso0WZ6
Cristie,clefwich8p@live.com,$2a$04$9B1oq6OwmEs8WKn3wv3of.6sVxTEBV.toRYdGlBXuzX6GwfbJ.dn.
Maud,mhewlings8q@mac.com,$2a$04$QWNXp9CEKAAEPCr/gG.WiONtRGTy1DEgsFZZ.5X1Ly8SvmgazppKC
Flore,ffrascone8r@google.nl,$2a$04$SRSD2j3IU4OqriFfpqxnPuhBKBxHOWfb4xdYEUiYqJcawXnp8jC8W
Sherm,srelfe8s@sogou.com,$2a$04$LILCnZlnyDPscC21pfmy/.AeqwVC/pKOsHBE4zj0uogeBw9THOKGS
Tades,tmurdoch8t@ucoz.ru,$2a$04$lM1kUByANAh/0FV4Gm40EeFQijQK2yTt.Z4SfOzhMvloIbG1uMHX6
Alaine,ahosburn8u@mediafire.com,$2a$04$Vq67BlDOELTn.0DlCl1sZuDAigjo0sWjQxciAJZ1hQ7KOEnDHqxmG
Tod,tguinan8v@sbwire.com,$2a$04$OUgif49efG4WME27vt51DepPNsdJ4oI0vZSU1LTEffiWSAiaRq2su
Noel,nshovelton8w@economist.com,$2a$04$OX8uWuYhwuzwV.g11o145u58NX.5aacDJ72eodoXwiULLRiKZdqqK
Moe,maggott8x@blogger.com,$2a$04$cwoecbdwZtUAqqC9TYnuW.UMF0QaIxVLC.lpMgX2836hsdn0uTDTW
Zola,zmackomb8y@ezinearticles.com,$2a$04$hvLNflhOpOof/dr3cr5U6e.XyqDbgaxAQhF59vwm5IDbHI1QEB4d2
Itch,ibrailsford8z@mashable.com,$2a$04$uhSDWI2dk/lfAViSkt3G/.YKYBp/P0vsTOHyNpx6FLWZTo5xCTUnO
Jacki,jsimonetti90@rakuten.co.jp,$2a$04$jIoon3E3UrVz.EfSD9TTz.JOqVEpOWZMu5wvEzs4gwCGe6WqkC2O.
Martie,mprendeguest91@deviantart.com,$2a$04$edXpAWRf/ydWlCzSStrz2OqiqwYP/kudSWUsYsOMxw2spGZLRUPZe
Norton,nendrizzi92@goo.gl,$2a$04$smfosE7YqaEZ5vmNbuCjX.2xo1QaFo4JYkbyBbmq1FXFef/C9F3/e
Benetta,bkmicicki93@dyndns.org,$2a$04$gO3qdX/DN/AZ5HrFeiSjU.iARaxyuIzKjEtvhjcTHsMHXuy4ki4Eu
Isador,ibremeyer94@cbslocal.com,$2a$04$VzYGp/UwWk2AteT/yuzA8uZcCKVTisO9sPnz4Q/mu.AaHxRPVyKVm
Cally,cletessier95@google.es,$2a$04$xsYKlfAlvaMxHwR4DeP5d.fPs3bekC03yc7UMd922AkGd47rIxDwW
Reba,rbugg96@mit.edu,$2a$04$SMcufpy36j6kmdTPBGX4l.wcMUIHhW8IcHRQnf65sKBLlcek62vgO
Barb,bstobbart97@cnbc.com,$2a$04$Ja8Gfelb6RxtaGfNHQteKeZ0lfbEpD0Q0U9B3QrmNwA3Ienlzth/6
Osbourn,owagstaff98@icq.com,$2a$04$wCMkyyUW0In4oq4k1kHoFebl7JO6gD11oVf9aURnOtfjbiZYd.g.i
Liliane,lhalladay99@nytimes.com,$2a$04$357if85Mvb2uVMSr8HaRa.DycoHMFkOwXRabRsxy1Ity1m6hNM3OO
Camey,cskally9a@wired.com,$2a$04$k5PSQV0TZU1zdOYwZanNouVGu4s5BKW1bh5l4mVunG9VN/k2tpI8S
Frannie,fdrowsfield9b@nifty.com,$2a$04$j.DResrxD7Orxqbt26rdD.zLonQzeAzIA.hsy4CP6iqgf9wxTkq2u
Virgina,vboncoeur9c@nba.com,$2a$04$ZbBCX0Io5KjZOw9fcskhBem.akU6reresTvk2N8ORQcGTmCm304s.
Kimbra,kschultz9d@symantec.com,$2a$04$tuBxxh3likRo7awSXRscyevpkB7RmuVOgNoqvoy2dq22mLAKTNl5q
Adolf,afairburne9e@shop-pro.jp,$2a$04$RCbscYa55njinO0jDzFYNuOVNFxXlznikBmCUIoSHAHeAyaVzwDCW
Reggi,rchritchley9f@phoca.cz,$2a$04$FfbGU3a8QWmFkb34HzOwEudJ8nYMd3QDT3251s9NW105xGBgMW3PG
Glynn,gogg9g@cbslocal.com,$2a$04$6MnXBMEwj5l/.qwLn3Gu8.cymENfgjIt0LjzhQCQIk5uPbZc0EnFe
Efren,esouthers9h@abc.net.au,$2a$04$sHva8du506oa5ug6YHIsu.SyVi2LaKqsz9zSsZZim590E5FUicPbG
Junia,jamiranda9i@tinypic.com,$2a$04$ZM1wkOTvmP2uLHeXllPrV.me4ha/iLPHV6hgQ.6wzKIGZDZL/nGoa
Pavel,pbissiker9j@hatena.ne.jp,$2a$04$/MGNXrpRnq5yEIHee4uky.IWjd/P7OeKzk8oYmw8y.B22xpB/vhQi
Lexine,llomansey9k@sourceforge.net,$2a$04$Dwcz5Wi6OmXZ14fLfwtbB.01RiRUhw54JQRYBJtBsK2wqsS8SK4eG
Jennette,jehlerding9l@nyu.edu,$2a$04$4aKfG12eMJEuefxdLKhAre9DYxBW4Nv0YpN0mk2/gq3GEEBC3WUfG
Grenville,gallso9m@merriam-webster.com,$2a$04$tdSmoB4.8ySsIfbtK.AAruf8JjxMhvmYr/DtihZa4Qk.mq43e5GV6
Gayla,gflockhart9n@goodreads.com,$2a$04$CP1o0W9PqbWJ7to8svUSVOzZGDFrcMnlTi5LwrgJgcKVYT9J56qea
Mireielle,mgoretti9o@google.it,$2a$04$d7PxfQ/Pl8aPyA9r0UYL5OvRU6R4Gw3drYwSmPiFOi2XuzikFkyKO
Bellanca,bpawlaczyk9p@furl.net,$2a$04$nJ1n.dvekVW7q3imnn0rI.HWv56mTJGH9bF464e8mOvpHvFtjkEGC
Burr,bjoint9q@smh.com.au,$2a$04$SgCwrOujohfvQB5TD0Y4SOOjKEo0XQRZlLM5yc.AkwyhB1OjRiBaG
Perla,pyetts9r@who.int,$2a$04$uX0sJiztQqDtrB0K2Ray8ODMZfkUgcMgpjna51HV3g1/tijfvWRJS
Amata,aaldington9s@tumblr.com,$2a$04$NOJlvwhIhwK1OrBt0DwIIOHjk9OdSUorkEsua2tG9vTebfXx4pPyC
Cass,ccristol9t@arstechnica.com,$2a$04$x91wLxBSVfqGeY2DaRg7d.Lh1OmRUC9Nq70u8Ob9OmLuBwRRnrb8G
Meris,mgemlbett9u@exblog.jp,$2a$04$7ru2rtmQqWi74FrMxZ.Ab.GWZ/5rery26eKtpt.P1cvj9fvkRm3ua
Garik,gpratley9v@delicious.com,$2a$04$RvTtqEwpzBEnzfbL9ibG4.9ymOsg2WZVduKi1phnTwUtVVvNW5bEG
Corrie,cshaddick9w@paypal.com,$2a$04$n8igfjyilBgqebXoaY0wjeTnw60EEPye1xXU23BtzUwmNTbg4ZI5O
Lamond,lgilbard9x@ning.com,$2a$04$ecdh1dqHLDhbm7GsCScRouK2WtAsQwyqu/XnwBE1rhw6vreESZ2..
Krista,ktift9y@naver.com,$2a$04$nuwWeGHP0j68rRIU.WWNfOpKdwBQJUio66AtlHccop4uRC/rHiQi6
Ozzy,ooley9z@goo.gl,$2a$04$Ema2qfPRL8UBaKLJdYpyi.3Uw2WSDiluj9Ga9idTsApjX09oteyOe
Tyrus,tmarshala0@symantec.com,$2a$04$w3mqw.VQ91nL2oHMHVIEFOc9oBX38J31v1TMBunp8MVWjlxv.Vg..
Lowrance,lolsena1@aboutads.info,$2a$04$p/Of5E68SMAkztPhMaVqxukVWwf88ECHulWcSnHN/9GCMeiXSHz4S
Vanni,vberka2@exblog.jp,$2a$04$fsyZVX8mlaWw4SOIl8KqH.S5JJIC/pRAlTwRxXxMojXJVWXcb29kS
Concettina,ceveringtona3@amazon.co.uk,$2a$04$BT6S6wiET93hQCYxTxEjyex00KfAcLDOA/Gejnkh4yLYwmlIHKVLy
Frederic,farnholza4@unicef.org,$2a$04$M.u7/3ioikB6rX6puFNJROLNzFPiJOs1uHRbC7TIUvA5wHI6p1gh.
Blondell,bschustera5@wp.com,$2a$04$P9xtNO.weG1uLhHb6e7iWeshPj2DL06c3EWOX8PWtPR6Yo3Axn7vu
Felecia,fwhitcomba6@sourceforge.net,$2a$04$0R7m.HWddpXNe76YI0kVfu5vkIa9ff2bX7bOtlO9asdtxAwj0Fnse
Tabby,thannaha7@sbwire.com,$2a$04$h15uoo8G54cAnX3jdgnq8eNkl7HJb1EijUicxan3JJhhp2Tzq2ldW
Gustavo,gyakubovicsa8@ezinearticles.com,$2a$04$vON0jwBA5AxUiQ4cni0dVekyLLLaI7F9vPArVVTVgiJPps.4E88ta
Kandy,kkeelinga9@columbia.edu,$2a$04$yU/MJycNmXnG7cF5U1863eVojpUuI928hivB2H6Foa8Nt6aMsyJ5O
Freedman,fswafferaa@is.gd,$2a$04$E/xYrdaeWwX1zXnZpEY5W.7wqjEZUAJNcubsfcW/DKByV4BVKhHhG
Durand,dkrysztowczykab@noaa.gov,$2a$04$pfUmQ6QUkCt9qsDBwPHJeOoH7e5/vnTnu6fGxzYOaPOCSo3xyoV8G
Leopold,lbewickeac@paypal.com,$2a$04$xwW5pNmBFMxLwt4VYmO3aOq2VmyaXuDS1y28qUnMbWf6ia2BhtPKW
Robbi,rmarlinad@ifeng.com,$2a$04$LssMvjS2liGSuksVo208F.txQOLTugzgpSxs4Ps3i2SHIRggyRM72
Garvy,gguthersonae@bbc.co.uk,$2a$04$AwMlogcYBQjoBKZ6JTcLV.FXe7wZhkPmWhQMFOf1myrcT9Nnets7K
Kirsti,kveversaf@ed.gov,$2a$04$plvWYH0kh0ZYU6NAB8VIwuwAVyUxGbBf/Z9P58V0ZHY4JaJWGnjpu
Naoma,nbonninag@bluehost.com,$2a$04$rSU8eebEYQGSuUQG8mo8NeeS33EXy8/n1imNA8sASXP/QTLM4vF3u
Salomone,stimminsah@wisc.edu,$2a$04$Bl5iwPocN4UQ8cTJFXiw.eK1IycDAExHVf1UyuobadIILnPrwmp8S
Theadora,tbreeai@cnn.com,$2a$04$L3S8rrDaA5yN3ZMqCafwBeA06reVHc420Gf7Itpk7BkCSjic7HAoa
Corrinne,cbaffordaj@ycombinator.com,$2a$04$07Jcf387R0HeiLCbqJlhq..TQGAfxHDeqwcz9K46ZfBM8FNuRwM2e
Anissa,apiscottiak@so-net.ne.jp,$2a$04$mGSSPzU2YEcmXERB9S2a3.b9iurcrq.fGM/Ew20paSeS6GdcWaah.
Horatia,hfishbourneal@xing.com,$2a$04$IC/dvzfsXaJr0QvbiXmo4O9yYCHd40vdfwSKq4jiS0it./ASzMZuu
Lynett,lchallesam@go.com,$2a$04$fkBwvdkU/4gpUSkdHiElnu.7E3EHHSVw/WkAxDzMqoa90Zyz4DazW
Philip,pdunnan@wsj.com,$2a$04$BLSwoNjlihMqTQ00LQAJRu5.dhH6h9spBzVk2c843oSaVo7iEnDXa
Barry,bmaccafferkyao@posterous.com,$2a$04$yxAXGKbSbJCcqnCSlIcs2eWzEoyX6RKIeNnd01DVAHMtW24Mt9TXe
Kipper,kpaulyap@unc.edu,$2a$04$10ZYC16jD./P73YX2CCgcuJAycOMDcMyZ9g1hQdii85N7qKDnr5ie
Clemmie,cqualtroughaq@nbcnews.com,$2a$04$Hcw0TK25.BowX/h4R9HRMOmyrzpvNmyKPwu4l9pVMzljNTyYeGkgK
Corbett,cvestar@patch.com,$2a$04$EsWpUwpkwDPfr7aJh33ARexYrXYUJcNpY0svdPT8ectAF67LcfTQK
Peadar,pburberyeas@tripod.com,$2a$04$L1nS2xpxX9w.jOIyiwCYveynxO6z3jILN6gQARYNvq8PHpwh2bRmu
Rowan,rbalharrieat@seesaa.net,$2a$04$avG1nFPbVvzStw01jSZ.kOyHk454SQH/M7xc9bcmLQIP5.vq87Re2
Shurlock,sreinhartau@smugmug.com,$2a$04$G6leXy6vmyV7NYuamVnosOyjh6.jCUdIjJN97JSaeXXsSsNP42d/e
Ardine,atrimmeav@addtoany.com,$2a$04$OLLp1lwxqrDdxPtdGNWW7.lGS/Bpj.OFIWjRoLF9Xd0wNiaFrY0oS
Genny,givasyushkinaw@bigcartel.com,$2a$04$yrDF0oIFl5jV.BrZiDE3AuCewJnHlmzblgESow2t7c146e5arkUY.
Delmer,dcribbinax@salon.com,$2a$04$qunVfJx1enM.d41ZgBkI9eA8KxyiQqBFpDBSvVH9gjCHZkUlpdy2m
Everett,ewhitneyay@phoca.cz,$2a$04$uDHWPydAVATE7fDh5giG4eB92RjQZ9m50vseG3Z4AMuo0obtQIhQa
Rory,raleshintsevaz@sakura.ne.jp,$2a$04$ZrtavbY6xc7Q/0hTmHwvXe7iwOrgQwOFGlE1tWl/HCXnQcvVutJIK
Koral,kgingleb0@amazonaws.com,$2a$04$bVpRDffAzDl0uRkIWcZuj.a/01mcI0B9AeZ6DQSib04F07I4sEUt.
Max,mbarrabealeb1@g.co,$2a$04$g2fE7WnWHzvM1p9BOOPE4u4g6GagubK78qij1BO0BJRqjTucUk/3O
Nickie,nfinneranb2@unicef.org,$2a$04$x45WCV7GXmrU1Ah7BqG27usRkbs6ZkEWYV40CuCbgt.elt.rRT136
Randi,rclissb3@indiegogo.com,$2a$04$p4ZOwk.MiuqGtX3qL2.dxu5//pQVjTorJ.KuqUof4UE0aKPrFAUWO
Vitoria,vcrosib4@bluehost.com,$2a$04$AMoAEGemUGj8tA3HmM9/1uNq6tSjMTafbZzvTpChXqyNhT1h.une2
Venita,vfittesb5@google.ru,$2a$04$SE8Npd2/pu6hqCBQjPxcbeUxVMyDeD4WlbRBmLk35z/NlfGnMgSbK
Ax,arodenburgb6@amazonaws.com,$2a$04$0q8FHFeLxovI8YZ2fkXrHerzlXQNcoYVvnGNk6Eos44qkV6jgHEKK
Gerhard,gheigoldb7@java.com,$2a$04$4OGQ9PUnz/CzDuDigIrZoeelsnc/.AnX15AohVtSwk4Uj/i7b2SdS
Claudell,cbuckellb8@vimeo.com,$2a$04$3aIboNGuLGBGw/H/3jUPbu7tFUgEvdlYzuUyz5gWdHkMv4xUPoZ9e
Borden,brigbyb9@chicagotribune.com,$2a$04$zkn5dxlgTg3Y4JnjG1lpb.ZaWqb8VE3tDCXvwid0Z7J8HMbeLqbTS
Teirtza,tautenba@gmpg.org,$2a$04$3EEJC.G9oC8np7N8eJS/9O74CU9RGMUggOVfpJlABh5sF8ZwBQQ.O
Ibby,icreserbb@phoca.cz,$2a$04$uWheh9JRc/KIurH2SOS5cu8dRt3qvikZ6UoBa5YhgrAIOV9ocui9e
Norbert,nnorthleighbc@netscape.com,$2a$04$wcSsfrs3bPi.ZR.zgWdObe4Tf4zN3ZGHpLRdjxlZrVhU5cWBCuhl2
Rae,rburgwynbd@xrea.com,$2a$04$67WpGYhivBD1joGuV92mAe/g94VF3pGKnM6P0R4V1PjdSotvJtBnW
Priscella,ppickeringbe@ezinearticles.com,$2a$04$ghKiyHmaPyI3ewUrSvsApODoSKBfgLuDdslPfqkEeSxt0bjq1q2pa
Catherina,crosensteinbf@sakura.ne.jp,$2a$04$9VGFbGGYs.SBV8ivTrpjrOv.7H9K0wNGAbMrFaRvNuL8qSLlwd3ry
Dierdre,dsendsbg@bizjournals.com,$2a$04$WNMbOtAQKDB4NGWKEAABtO96J46u1uC7EmKh8F0/gKerkjWofN2B6
Tiffani,tgarberbh@e-recht24.de,$2a$04$3WaCynLE0M4U/mNy.O44tO.i4KpQsKJ8i4L3jkYJC1bvDYTdzgaMq
Perle,pvanichkinbi@blog.com,$2a$04$HA8bOFSF/TTSG6HemRaRM.XOAYG3Uoyjpx4Jy2PgHl7MEiR4/FqSG
Inessa,ivernbj@imgur.com,$2a$04$wvYDbXDnk7JxukBKNp7PAuIuI4oyIj1IKcW8PJno6borbnMtr6V1.
Shaylynn,scapehornbk@marriott.com,$2a$04$mowcX7ZBteLHjpmn3ycdD.80u1fKBzfainzFIpUBLPhqLF58bQ07G
Johnathon,jrabbittbl@t.co,$2a$04$No2LNxfgnDCe6GQvcknYHeCqmIJC/CtUyV7qTgJ/T01o/G.NEVo7i
Hans,hbuckinghambm@comcast.net,$2a$04$fnNQlDvpDuHkGOT6Ugo15OSUxJQkCP1B5L4Fx9CLy18KKhTTyd8xm
Jeane,jmellybn@sciencedaily.com,$2a$04$hZlyEL79Q/KVta3CIfE0v.e4XJuxa/BNDIdUxmHGi3XHJ.ROzsN/K
Laurie,lwawerbo@hexun.com,$2a$04$7BOucHoWQEYsRatUmQL9FOYnRyGZnTkEv3f04NxWrGEpZ0OnHMG4O
Marian,mbengerbp@vkontakte.ru,$2a$04$MYmrlGpwBeV.K5SRJoBWPuItXhCp6/VDiVu7m7x..t/x/k7ju/Pq6
Retha,rchaytorbq@people.com.cn,$2a$04$aP2pmnyoiQXkNhVbhMY/iOn9jI6.R/5Bv4aE5Sdb6BDrTXFaMyt1q
Livvie,lmawnebr@4shared.com,$2a$04$InDRJkgOMiHBvSR6aXa74.Y558OfY7/rd22ZX7Qdk5xYzX6BHFfy6
Slade,sebblesbs@mapquest.com,$2a$04$gEDQTMwlMzfqGIzqREGJTu6/MIuMo5AXGG1wQyaOb4kF3pAjfLcgq
Marcille,mhellicarbt@google.co.uk,$2a$04$tRfzmUK7f7VaAmTxeYtGre87z4DGbktSFYadjM8c5c5UAuSaSGOFK
Caye,cmasselinbu@google.nl,$2a$04$9LgwkwdY7O0SVr6w9IE6nuKBrL7dYrnhoVQOi6MbyJ/7cGfCERUjG
Wendi,wdennantbv@taobao.com,$2a$04$hxI8lU3jgQ4h2pXVD7y6lOk07rFP7DTWCaFYiTw//R8Sd5c3gF1NK
Ariella,abreffittbw@go.com,$2a$04$of2XDuca3XZYeLKnL8tDfeSCXqc7TdEHZqi0Xy9IPoHzD1bWsOqVy
Bea,bkorneichikbx@archive.org,$2a$04$7l1a1BikENftOv41jnAFpurza/lkbfQHgv4ecOZ0.HHP1yOqoljiy
Godiva,gwrothby@360.cn,$2a$04$3baiYUizn0K4HUZ4.C536e.TtGpYouopBUP0KkB1V9FbZYBcjpepO
Ronald,rcasalebz@tmall.com,$2a$04$iySd8m4ysN0Ixc4klK.0m.Q6m2LpVwtObg53jKGS7OXBtGlWNGOHq
Nancy,nmchardyc0@imgur.com,$2a$04$IEoJjpnmERrLer9t/6EzEu8r/fWfQy5XDmZ1btRaiAy9sQlWwRSNK
Charles,cgoldsonc1@purevolume.com,$2a$04$uGTD6lOX8R/AV26vC1Wau.R/Vud.7XwO9qvXsSAd3oEQ7IuMjWtXu
Sonnie,ssurmeirc2@issuu.com,$2a$04$cEdj0xIxe.MzRjDChpvUNump2mMOWCIqOuB9o4u9rGsHjZfr2Arb2
Amii,atidcombc3@imgur.com,$2a$04$PFT8Dg3ohzg433xU8s8kseODBaabQT3wcG7wc6Gdclz213vv65wpu
Welby,wkeplingc4@flavors.me,$2a$04$YUvuy0Se5TVLUKQZJACMY.vyAecLQF2yTO6cGpJ8/.Q9r0kiDniq2
Thaine,tcardnellc5@sphinn.com,$2a$04$colo6/zi034aUrjPEnQsjeIUEmZYFXnuZ.6hDoXerCQeuuitaL/Ky
Thia,tjarleyc6@bloglines.com,$2a$04$GnU3LrPHkx114qg.z9RMiuknzVKiBfYSg2DBnKwsspkp3pkEaDA2i
Devonna,dhazeldenec7@slideshare.net,$2a$04$ebAOKAHFRzwZPHGZULsgquCk3UAZWmLyZBKmm/tbpq2mFkzFRWNau
Kristin,kmcardellc8@fda.gov,$2a$04$IDKIV5heibTQjOo7UH4ZBuklS9W/Wf0OTBMObIm2A81v5RvJnNCxi
Ephraim,ereilingenc9@soundcloud.com,$2a$04$FfuNwDRBrv/tc/uN4fbX0uUOO5yXrHWz9x59iXKr0jbtHJkDYsfWm
Bette,bramstedca@alexa.com,$2a$04$8PaHIPcso0HuIcALM/B6MeY/oxOSZFzs2Z.EUDYvwqUJOaK1cpsse
Archaimbaud,aselwynecb@mapquest.com,$2a$04$FQaykzSl8zQ6Yoc6CQQv4uaEbj0y01pRMCWw3L4zvIz/NTDNkLaWS
Frankie,fferryncc@de.vu,$2a$04$1q9L5jpGXA8ioATVwXLRSO/.lP6rgVuoCGwta7MANPXjHee12whHe
Addy,aeveringtoncd@furl.net,$2a$04$kCah7ey7aXJNo..dYfmdTeTBAX0iS.ZUhBjuccxc5r.tAMm3By9Hu
Emmet,eaddeyce@bbc.co.uk,$2a$04$1GDwx6Dcf075Rbe4g7w5Juwnpbk/Y.q/aEQrlr6W.XUycIJY3ESrS
Peggy,phedlestonecf@imageshack.us,$2a$04$wi/v0cg1lmAFUAlWf1wEQuhne77.G1HXTMwFbKdTnAS2Kdi50sZIi
Gui,gallottcg@dot.gov,$2a$04$gjbEC12xQno4KGEvhbpkGu7glmZoZ/Y6AE26Um9UR4gNRTpQw0u7S
Marrilee,mraech@ebay.com,$2a$04$nKAKDbIeqYlfn3FMihXfWOwu0zOF99MblZIT9ClAXrHMYF8OWXVUq
Fifi,fboyetci@goodreads.com,$2a$04$MpWM28/OkqQwVO7L3seJnOg7hg18W7hmtLkdsqLDEbbHF6VILnja6
Goldia,gmccoughancj@virginia.edu,$2a$04$xmyYZxGBgx6OMZ0wK.0BO.bx2w6CdwtxdslU/e1nVrLS/HAiTdV/2
Audrye,aaizikowitzck@cdbaby.com,$2a$04$Rxax3mYYYtbcEOKXGpv6OeO3iNFNVUfhcWzFYXZ0NmTLZ9e2vP3fG
Vito,vlooneycl@wordpress.com,$2a$04$LU6FoUy5i7kogigqj1.eVea/5ouAeGtSlWhOdRTsLRPr8Jn/YkDoG
Forrester,fgerataschcm@oracle.com,$2a$04$qMR3PTf8ZU33fntCWXqEF.JWkiXPXUJ4vFk11cZQFFPkVvHErb3F6
Lurline,ldodgshuncn@mit.edu,$2a$04$JP/iK.Gdn/PBe4CEiWk2hen2Zuj0Bs5NWgb.GUdzSzx2sPI21xlwu
Merwin,mvernyco@networkadvertising.org,$2a$04$maUfkephuXO5GWDqnEHb5eoGR.6.PSC6n6nQAVSG.m9IJP2ABRyem
Cthrine,cstylescp@dailymotion.com,$2a$04$LrYAmVQOtVpbiGLHINFq2OfQqGOeVjMdK211rWLcvfEnPidCQP69K
Bibi,bblackmancq@ycombinator.com,$2a$04$FUYb1XQZCed9LEzFmmLXUO5mpW9G5NIWjyzxgaFCnSfYP7jNnsLRK
Orelia,oviolletcr@t-online.de,$2a$04$XfUjPgBKH0r.5Pi2yXcc6.vegtN/A9G49KYfqETJFD7BavtQc6xeO
Brandy,bwattingcs@360.cn,$2a$04$aBkv7UJmCssSv3EciDKeCeEYj/OC4pVFXiyB/wtr8y4E94C1SRuza
Beatrisa,bsebertct@shinystat.com,$2a$04$h6e8E9nlDgxB2EJLrKfAoOxAnW2a1XpICcQTt7bYrLWso1bQUjJcC
Kendrick,khaskaynecu@webmd.com,$2a$04$Q5BFqErYC/ESBPDVebTQXOUjY8.pJ/TYo03l47Q2e7CxQghcutm7W
Gillie,gpoweleecv@naver.com,$2a$04$ytVhxSApK43JtjOPi2IACe0GRHAaEXm.zkkU9qywV02oYamIgoxw2
Hunter,hbrinsdencw@mac.com,$2a$04$doYvUec/NW2U6WMPoaIituIDNASoBWHQYNjIuc66TDpBKc8omabK2
Korrie,kdanihelcx@hhs.gov,$2a$04$4XImIkWKyLQSbSWTWuMUwe3SpfHroMJcxuKwGXg1BnaIh2Hqq4Fqm
Venita,vfassamcy@apache.org,$2a$04$zKst911bUi7oUHtEjvKuuerXW.5etACd6dpUQxRI9OaX1QqcdwaFO
Othella,oosgarbycz@cornell.edu,$2a$04$YFEHy9zerDYjscLN2ind8ueu6WHrk1SH3offEq1plML6WrIQ1OocG
Wang,wgotliffed0@odnoklassniki.ru,$2a$04$K2jPF7iRNku2H/SD/aML2OAbTnx6JzQMkngwSZrE7Mg9QX0hE83Ym
Starlin,sduryd1@cornell.edu,$2a$04$jKKL81L0yFT8mR139SWBFefPbpN1Iinsb6xjqn2KkBYK0BIgjeBrC
Genia,gtashd2@loc.gov,$2a$04$Uy2tSKfVzQAxckdMg9llyuqZaaUwjeBbo0rXQiZU6pgSa5aKl3vTe
Archibold,auccellid3@wikipedia.org,$2a$04$yPXKnME0st5feu4n8kGByOgt0Kwd8eZhSwENjWQMU1ePz/R27bJcu
Saidee,spoadd4@telegraph.co.uk,$2a$04$2UCL/uwaPfDrd0SPxM5ci.6rAcAylJLRaWGTLqyfPYX.e.vF9Aj2m
Mechelle,mglynned5@gov.uk,$2a$04$fLlw4FjPJhS4Qd/IifOwBukbZUQRfnBzI0jM6FxTVPtVOeONuPpja
Peggy,pautind6@cisco.com,$2a$04$4ahMADCr9h/Fq/TXFdaMAeP8Op7j1uP238G7taKETrenHogxAaIaO
Melantha,mtogwelld7@com.com,$2a$04$Q/NQC99n93F2jiG9Ibu.NOzlyCuaPe5eX4Ml7qS0OBb8QvPX.A.Oa
Genni,ghatchardd8@va.gov,$2a$04$0BWcrNsG6UKvrRr0e/dKye58j89eoE7OOf0wW.WhUrMKRLsJvi7H.
Winni,wallawayd9@soup.io,$2a$04$lZIvFVZnoDEm8c1EuxAniOJWrnGDlEmxCSNvWjuwDigudziTssazu
Roland,rgreaveda@indiatimes.com,$2a$04$XTHBf4EI7VMWAwY398NqD.yMdY7kQfAftGx9zQJa/xj50CqwgPfSu
Miquela,mtieraneydb@state.gov,$2a$04$Kuzuru11S228S9di6WNlUOjrExMw1QeQdXoCm9DCR9ZiDJg3HrXhq
Babette,barunowiczdc@fema.gov,$2a$04$TydFvrkobU3VbrHRdUpOFOdYBEId5QZ3YucgnV8GFEPdF0MOxk9O.
Jorge,janglishdd@vinaora.com,$2a$04$.UCINTUFUcoc9WqZ3rwm8eKza9iYni4E0sK2V4bsOONJxSdlqWiB2
Nananne,nlefeaverde@who.int,$2a$04$vW7HZDqoOnVXqgxsM832h.VozESKdpts9ZbvgB8IPnrDA1mYzxAf2
Aldin,agoodridgedf@canalblog.com,$2a$04$aELR4QMoWMMJNzvtGVrNg.I7MsS5mpbUtJamT4WOJ1iujf3Nh6gY2
Rodolphe,rowbridgedg@telegraph.co.uk,$2a$04$4Lr.SInVQF.wgwynkOBY3uqmN2c6RawvlR4kG/jdmPbPGxz7WHlNS
Tina,ttrowdh@cam.ac.uk,$2a$04$CoKYCH.sbA9f7eM5iZo19eAhKFxrRNgX4D2/XUeyvkRaf3EbQBXBy
Heidie,hhaseldi@storify.com,$2a$04$zC37IyhuZ2Q13ifLAAFrhe3YxbOErBfy83gguO6q89dWOfjuAaZim
Molli,mfreiburgerdj@t-online.de,$2a$04$EA6zMIpXBx7TFkFOMQogCuQDRCtADIeEgrEHcHmoOBvRrod0JuUgK
Colleen,cfishdk@mozilla.com,$2a$04$dIu1kLedxgKMkU1RxU5QceTb6wqzvh1Zcp7Enp4SFtnMsGpyTAGUS
Nerta,nrenvoisedl@mediafire.com,$2a$04$JtgIdHbP6vQqA0HmQM1qDOmEb5Ki9nPKdK9BpyVsduMcQh3Chydvi
Pamella,pbrantldm@google.ru,$2a$04$cX32jsoeFipPl72VpQBf/uqHdZ1RnfJoQNjVa04Oc.ZLZ12yJNP8e
Valina,vjupedn@yahoo.com,$2a$04$aZBd/Ik442bcsEfHDqIE.uqpME2.4HPc5UTEvD7m2/61xkp1VBr1O
Corabel,cvanderbaarendo@globo.com,$2a$04$VtzjNJbYZfUI2eoZYmdfYurWvZEuuZfbgQ2TtnbmMlkZn9wp747Je
Danna,dsuthereldp@ucoz.com,$2a$04$6MzR5SyYpsA39QQF.N24p.qOrUYEfsbNaqYe13RtRCM5d6JOImYUe
Shandie,sgiacoppodq@shutterfly.com,$2a$04$XH9qQOfs/D6mHV/w/pI0T.cYzuOJVrUnlbCE/nh9sl41IKRbBNeQW
Emlen,epierrodr@samsung.com,$2a$04$vNvumR3qQrMfR8pt/uXRauzzTiGYFLsSmtUVDkyvoikqYMtx.dVam
Pauly,pshineds@salon.com,$2a$04$AQtTgjz6CSuys2cHkVWsDOtztmxANGSiijMZtDfG1uZ8sFMOUdg8G
Cherida,ctwyforddt@noaa.gov,$2a$04$HiIYzM9Hcj1TTHfxXpbBcegb29baNKt0MChDwXI9xl6nTYDne33gu
Ashley,aboffeydu@wikia.com,$2a$04$9aBevLhuQMvoniaA.NYNfOcXO/lhB.593Q7y2yNIiCdpsNv3/SRdW
Dasi,dsegravedv@fc2.com,$2a$04$ThI9FD9jlQr4Ykij1Cware.f5TGmN49JXVry1AmzJLRt5HNc9UBUS
Adrienne,aellesworthdw@desdev.cn,$2a$04$zI5yzrMH1edfrPSsMWdwg.Id2XTRarFtKsFGOTk5yaRIhv5KIPC3m
Marshal,mbarlingdx@alibaba.com,$2a$04$KSrLURMJKAr5F/y97cWYL.mYg/nqs7ULZoxK5ac4E1A4w1ULuwVU6
Gavan,gwheelwrightdy@cnbc.com,$2a$04$pOCowWTbVwOTdqhJnskWPeAkeoCWDKRCTQTts1Ducax5VP2dp87pW
Berta,bmcauslandz@epa.gov,$2a$04$82pnCJcStTld0h76/BKwpebA4ufh59K4.0WLd16AJnlJvoSjdRsXe
Andrew,akillwicke0@yelp.com,$2a$04$op.4UGE9G6evOwVUZZOfsuiObK2b50M7CMG.gNQbqtQIKaNtyFhGq
Emmalyn,efenninge1@dot.gov,$2a$04$T3TM.Z/iMM5gau6eZlOIZugvpCKzUGDl5.MFOGFRWSc.J3jVoPdwW
Corney,cmacclanceye2@wisc.edu,$2a$04$hOWc06yI77VG3ZwGsACx2Ob2K.S7KIi.S7qE6VnXaHFgGvhMHKN8m
Berti,bdubocke3@dot.gov,$2a$04$d97RjGmstEB76fq1/8Mur.oE6BNQsjk2VsW.g..eSDifPkShL2t8W
Avery,aolliffe4@latimes.com,$2a$04$6izktDUnWKw0sFdd8FrrsOplzFdO5MXKFJJiKWlJoz8CncM5hzBke
Taddeusz,tbaseggioe5@tinyurl.com,$2a$04$Alq4HhfAc8LA27Vrdz0k2ucYB9Y8L5RHyLqPWDITyd0FjRVeSjTJ.
Nelly,nredolfie6@wsj.com,$2a$04$2.LEvlsejwAC2km4yxDZdePJ3KYF9tWq6pwPOFnyBLQYgU6aQeCVi
Denni,dleeuwerinke7@e-recht24.de,$2a$04$Ecju.H814iDhZmMiwl5JO.z4tWS2R0c1Mz75tj9fkNv8DNBPyPXsq
Shelley,sburrisse8@si.edu,$2a$04$CKmnHnoZz23Iu7IWuEN6ae9/B9Jz2gbY0vyXw8kvDOJhKqcUcN0ae
Nicky,ntrahaire9@narod.ru,$2a$04$825RZZaBySjL5lUHWpD/1uANBT1DJRoRa4xsD1gN.i4A/dZXmGWJ.
Cordy,cjuhrukeea@engadget.com,$2a$04$WHm5yoDCHc3ZPnmwGC4.g.clC7NRH9FksL4X72R90Y4ae6p.q/8mi
Nickolas,nvossingeb@examiner.com,$2a$04$e5C3E/4651Pw0K4.FNd9Fujl/D.P9rTQ9zG4EK1kd/HDcr6dlEmXK
Swen,sspittleec@bizjournals.com,$2a$04$LlTsqHFel7SqpKmu3nMI8uBX2pEHm2OXAOGRv8v7vP8lnko5h4zdG
Ramona,rridpathed@amazon.co.uk,$2a$04$VhBQ7jE7DC0poj5HMUjWe.YcgMmkoEKqY71YDRigoccEFn/p1F/3q
Frances,fcarmeee@nbcnews.com,$2a$04$zLe95aXxcTEiMT2mIQ/PgeGwy41MAv5K8Bn3JaVEQc.WAhC7rIYaS
Rourke,rrushbrookeef@google.nl,$2a$04$zleTBJbY5kyAn/yhcMBGuejo/4kqBv2xX0qSgsGt05UpKBSmfLwgy
Delaney,dreedieeg@wisc.edu,$2a$04$FRXwy.QQM3KSIYjlXyT6rea.1EEVzQIcqODlUDES/tG29PcWK1qZe
Chico,cdalliwatereh@shareasale.com,$2a$04$sZbUGBmSEX9/2s1oIvxWl.BaewKObYN/OGwYfo7ea4d8Snqb1LIgC
Arman,aburganei@51.la,$2a$04$c84ItR7aWbFtfLiT80trWe8rbE4cVIgN94YPtyGfVbqERk4Rhn72i
Ema,edawidsohnej@nih.gov,$2a$04$.Qg.i4sbzZfMpX.Mr.3/zuuaZOz991Uqe7Yid/Iaz3I1XijyrZjWi
Bax,broskellek@dropbox.com,$2a$04$DDhsfsgg1gJw0FycyAVpD.6tr8JfzV9NY/zqa/VqUFdXl8hB8.rPC
Rosemary,rmcdonnellel@livejournal.com,$2a$04$XnbBQMQULpUhRH.P2kV.Xu/R8/gi0ki/WkOZp36Zctp7vKT/5g1xC
Tobie,tshandem@bing.com,$2a$04$9M6n9NBEc0WmnAP7vXlqPeZ0dwJJq6uluJxa4gHr/bXmxeGnOv4VO
Doreen,dilyinykhen@umich.edu,$2a$04$FjpSACq6.PNYX.30zDxpE.G1li0LXlyueoiEGKmJ3mi.8tynFwaum
Maggie,mdepinnaeo@ted.com,$2a$04$e9DErzvHNqd281IOAwqKCOOUl05MxoWDUjBvXT1tLUpd4p1e.Yahy
Cos,cainsworthep@reddit.com,$2a$04$2Tw26XvAjlODzQiMpGYuROADFvcnD4vZnPIp.qWXZWPFuGqS32KkG
Nan,ndenecampeq@sitemeter.com,$2a$04$6q8/Vv.94GBtgRmHheexPuAP1MZQpZi8rr5jRsD9hAI5pE4vYaSC6
Abigail,abygraveer@ebay.co.uk,$2a$04$hyw2rRvwBtLLhCq0Sz8s6OEoUkTlhQb/BcEMP5yPDIrPcmeJdPy1K
Wally,wgillmanes@earthlink.net,$2a$04$r/cxF3b/xNwzi7eSKoNRd.rpIOJIWcKfMhTgTy.BorloMkPwYL1va
Jacquie,jbitcheneret@java.com,$2a$04$UWFue2Q3MX/FhMXWxd7.mOcDbqcNQnpnPd77PR61S4YsH1w9HBiuK
Humberto,hantoscheu@printfriendly.com,$2a$04$UIMYjHK1cr6AILvZMZV3m.VJBxLmesDQg0Dpqt5RoRJ/S1HrgVHdi
Georges,gtruderev@home.pl,$2a$04$Buf0SnBuyEjVqUejOcQOvuaHZ8NDltjzGkXenv7PLqXTuPxjUIINu
Cynde,cspillaneew@ovh.net,$2a$04$dTVtgmzQRli1866PbklQH.2DcK6gvDfE6o6VXe7ypE2rbRSDPB7.K
Janeta,jpetegreeex@woothemes.com,$2a$04$POa9wPHLLfqD7lTlxRQYuuuEVZaVw7heeo2hRT/AzsU9tQ/1n/x1W
Jillie,jbristoney@yahoo.co.jp,$2a$04$kYrbMZJN.N4O4cUxV9GcBuIa9YUN/ltb9HJOunR8gfJXtB95uL/0S
Ediva,efassumez@wisc.edu,$2a$04$HmSaxTLycGwcHMVG5Bn5IO8hTU94D2VQNN2sw8gOecCKIMhSSuqYu
Sax,somoylanef0@hostgator.com,$2a$04$nRgvi1aCDogVvz9omGe/suaLOrAnKXJwe2rp4a2fd1YVqiI4hNeSq
Arvie,akermittf1@rakuten.co.jp,$2a$04$Dp9KKqerIFDS8kNSv5scDu1mW2kQpfcwZVWuauJzRtF/0SV7Gxlve
Mikaela,mgulliverf2@taobao.com,$2a$04$osDGRWRMty24lGyVEdsk7Opxul2YOKN5KCyoAwazh2PsFT4URsHfi
Clary,canstissf3@noaa.gov,$2a$04$P75Wom1jbgamRUKENX1IielE8xr1gb/QQAELdLopSWHmbVUKJS78C
Shaun,sfiddemanf4@360.cn,$2a$04$BmuF7Vj/C9.GK81rNupc7OrqTKoQrjZ0z6UUTX9uwU/NRfMGP7n3m
Coleen,cvescof5@ovh.net,$2a$04$9Rv1xhZp8o/.KS5ftkLXWuwSePf.bQxth/TND2yBdMY/ArAxC2LlW
Gates,gcarwardinef6@engadget.com,$2a$04$/7XB8bxb5xXXNogtxbR0VuaDHN8SWDBmAyMEpS6tTgkqfrot.T1z2
Vilma,vgladtbachf7@ifeng.com,$2a$04$JQPXkac0.maxCcVsPUZHx.u2RSacS9SfdHXoE7t4d6G8PiJFwL2Iq
Skipp,ssarrellf8@1688.com,$2a$04$H4/zc3YmEwXB.PcbjId1r.NlKKy5YyW5fYwK2cRF5rv1XINARjQSG
Sly,sdegregoriof9@pcworld.com,$2a$04$me/rmvGzqF3MoF/GSvbtsuyxFyjtU.6tHKSpPz9G2uzLf3/D7teB2
Emogene,ebampforthfa@lulu.com,$2a$04$/wk4oEluHU.3CsgOp0yeIeN.Q9BRkwP6xcioQ4YbDaLvklpF9LMoW
Hayley,hwasefb@digg.com,$2a$04$hd/rjgbEXPH0t4REXS7VBuAiIxqADjCjWFmh1ukSwwDLzwIwPJq42
Robin,rdixceyfc@constantcontact.com,$2a$04$AHqZVFY7YfN1XQoWIKJVTOe9qNZmqUTlj0q4uI89UcwFCxz39frZi
Trever,tstruthersfd@wp.com,$2a$04$pfHwB32g2/U0iemRJiMDTeqT2WrI9dF80LPYVq1D.PVoiMdtkSpu6
Nert,nevreuxfe@google.es,$2a$04$TYZVLIJe2rHXOu.ToybBLOldXBVPtJ7lR4jnhlS8oVL6MT.xLAPXe
Derick,dhambridgeff@deliciousdays.com,$2a$04$H/428kbL5txDv.CyzrJw0uI8CKny13L6A4Rhu4m98P5sP6wKE0G52
Barnabas,bbroodesfg@ted.com,$2a$04$ib2SaqgWglcZrGd1mpz8Ruz9hdPtMTRYL7Vyi7dNrpkhcVdlcHvlq
Erinn,elasseyfh@tamu.edu,$2a$04$XBPB8GRwY9z/rC79UN3RlOq33mHJy6jmzJ19mOW9EBmr4HStO7p5C
Winny,wbowmerfi@github.io,$2a$04$uVKmA6HaRKfE3NFWrAFmmuovUl8XK7Y1P5xH/loDhw9H3JnhcOQve
Shayla,sdaniellfj@slashdot.org,$2a$04$q2dsTGpJFGS23qFkmfx0rexnBy.wG07XXmTl6uiQ.NbzpPT1TP9LG
Marielle,mbanhamfk@dropbox.com,$2a$04$zIieL97RtV71jd0SKWoRo.jcbEVMoH1qPSfru.VqnZQuxVjfR5Wxm
Angus,alambrickfl@samsung.com,$2a$04$yOQVNq5euyMVql2FijG6JuP0bttOJuEHaqTAHRjbsIsJDpCBh.ghW
Maryjo,mwillesonfm@uol.com.br,$2a$04$k26v6dvRwcaOmAHpout5BugogjkS01hOz2iXQLwTEbFWrLwFW3kTi
Pennie,pgerishfn@state.gov,$2a$04$s6W5VfNzQ2tUbftvr9SW8OW7ueIjapOXKH8LsPAJQ56ZvMIoTXmni
Dasya,darchbellfo@smugmug.com,$2a$04$3ui0uPJlnv8g.kOinClereWkOWdfczMJ334O7C/rSrulq5IBUku3.
Randene,rdeakanfp@xrea.com,$2a$04$6aJ4l/ev.JRZqCQ1bgGCTe04l/8NBFTZAoJyI.rpUhIPY/lzQTb06
Ole,oficefq@usa.gov,$2a$04$jgZN6em6oXgERxvA13z8U.2RCPq.UKcZcQhZok3BJmFJAzHHYT.Tu
Daisi,dhardingfr@upenn.edu,$2a$04$fniug0pkwwB.kqxBnGi8z.mcpHIDGn9IzXQKSQJsmU5.W/X5uHeKK
Brennen,bpetrassofs@is.gd,$2a$04$5XGr0QQuoyvtI0idC.k0EO8dAOhUi.O6xunq5I9hidGK9DMfdVlgS
Adan,abecceraft@indiegogo.com,$2a$04$fsRc0rLxWBoJlzD9LUaWVe0vC61t.P5ulRuOQJt2vxURJBYj3AAGW
Parry,puebelfu@nytimes.com,$2a$04$E2TcrPKMzihQMJkCHIGFAuuOmzebS0db4Tih2yRE4xd4mqzOuYUwC
Abigail,asherringtonfv@cisco.com,$2a$04$b3cjiRiqd909018rJzc/U.lSBu9VpoDbut9O/JKj6cz5kR3IxaT9S
Isadore,iifflandfw@craigslist.org,$2a$04$Z9mNNVx2QIcNq3bFm7T82O5LPhRNspJ/EdSqNmdh2WjNYK9yA7NNS
Ceciley,cedyfx@omniture.com,$2a$04$JbeyxdXZ.odTr.dGFYZgRO3kkzBFwYOLEp9ZvTdsxC1L/xzot4dOe
Storm,shurnellfy@stumbleupon.com,$2a$04$PWTQlpumNAH6Dknp9TDTNucwxJKhB1fHNJHMao37MaOo0la78ell2
Marley,mschwandenfz@infoseek.co.jp,$2a$04$6CCHTVAIjBD1pYgMg3opQe9wLdB6MbExM78scfbdBSdOD.sAxp9Rm
Lenka,lstubbing0@nature.com,$2a$04$4yLI.x4ChrMkbh3eI2CqmuI50K42oEsHPjdJfOj1ew43NXWqjEoRe
Geoffrey,glilieg1@theatlantic.com,$2a$04$FcA3pkhPY82ByWtNHMkyBO066ppwiw/lKZtiEhyDMJ.s7os5UdA1m
Rora,rkarimg2@businessweek.com,$2a$04$tOxGb32aZJjC7hQot.m1BeFm1V47/vV6kKWvbNxesv8Hd/37KQDEm
Eamon,eklausewitzg3@go.com,$2a$04$FlLXjvrQF4F6jV8yzSUjy.UflBWNmX..cuTWctsNcuCTVmCBzliPG
Jacquette,jcamling4@theglobeandmail.com,$2a$04$m06HpgDA.3V2FXZd9NJ5h.Dh0HwbPshnf4HJ9imdTx0190mXu.IzG
Bartram,battenbarrowg5@noaa.gov,$2a$04$5VJXvmhsObN675WP0OpjuO.dH3z68UYSn1VGe39EghjkCzVmqdTT6
Amber,apaulong6@state.gov,$2a$04$OvXSLfMvmQwPR61J7mp4x.yzakl1vY9/k4anAuejK93hTReC9k2cq
Joline,jrowcliffeg7@weibo.com,$2a$04$0Q2fYtpe.zMEJO6DrIqM..94EVeZdKgMvnmrJvzGmvdCPWwmcD8U6
Leshia,lludwigg8@squidoo.com,$2a$04$rjJx15Jc1LWiDqTM/PnopO241sJ7gz8m8FTqHH8pvuilpByIRmXla
Juieta,jheinickeg9@nsw.gov.au,$2a$04$YwVY7meDTIK8BnLPyIPG8Oppm4bg0ZWUZ7RCNof/0jpwGN6TyFir.
Julia,jphythonga@privacy.gov.au,$2a$04$4ly8VAie6oJJZDXmHzpQReQ1lYmkhJevTCqZ5UfVkf6l9vKXYk19K
Jard,jlehrmanngb@scientificamerican.com,$2a$04$yQqCC97BMn0wMLBdM0fsuu3RhYkLsmlcn2jcCKVf26VdYpHSazd5m
Jerrylee,jrutergc@google.nl,$2a$04$H2iT369kw3shLq.6Nf.xW.zbwvtycb7tvNTKZhNzmJEV4F97GTY/a
Hewett,hglanistergd@paginegialle.it,$2a$04$nAf9E9ertjgJCFm0PbMSLu7ZI2hDiNWSTq1j0G/l7CHfc510yqxS.
Windham,wmcasparange@cdbaby.com,$2a$04$xF6PrcEdIqZFWZ0kRTU4WeQ3qd0jN8IMhAiSk88M.mAlkL2VaEsTO
Derrik,dpaolicchigf@hugedomains.com,$2a$04$d760CPAsqEkO43vGztW/POC2phGRdAOdu2oUAtKuIs60Viq.kUkma
Edlin,eaguirrezabalagg@mail.ru,$2a$04$IHSO/RbJH1rd8g/3WGjn6.5oV6xuE8hFqlnnCnYTwH6VMlTz.Cl2q
Briney,bbeldongh@eepurl.com,$2a$04$xFZExB/R9Masupyn0jQW2Oi54u59wVK3.4SUVZV05w7Hb4ahVS/aa
Letizia,lfarquargi@51.la,$2a$04$VMERtfEdrv7L/jELRD8KKeOMTBAfIxKaeGWU1aMbStml6X1YxbUPC
Carolus,ckenewellgj@ca.gov,$2a$04$N7KoAbrpWYWrG/Yf8BPr6u2IJiZ7bMR7wkfH04NTDnY0mwABdBDVa
Sayre,shardisongk@t-online.de,$2a$04$6IxetF36Edhm31xdj91Z3e1O3G.a30Fxp5e6vIhpk.PCBNvhttEOS
Teddy,tgarviegl@mozilla.org,$2a$04$jhO42dOlG.d8cLBHLPuuneSzwAS1Ft5tiqZLUsh79xba1fsaoBp2q
Truman,tmcanenygm@sina.com.cn,$2a$04$FxAngqW.RIJYlDyNc9W2e.qRpVyT7PZNasNpXas5/LNOA.DA3JOwG
Idaline,ikeeblegn@is.gd,$2a$04$ytcM8mRXPB8dVPKSnqjMV.Dsh3RvoNkHSPA4sqwj/txeANbrpP.ty
Stephana,selmesgo@phpbb.com,$2a$04$mLIJ46yMxa9xmPiH2ElMGub3dAPhOKLYoAW6l49/XEGdUR9WPDQry
Townie,tdysertgp@geocities.com,$2a$04$usjvuXv3ldHygzymAmPPDOX53kW3JzAluhyNv8fsAGVDq1Q7tNMEu
Tomasine,tsnelgq@mozilla.org,$2a$04$KgrOo63Q6Os6ufTOBK9HxOEd1.c9hCS0e5.RyfqL3WBfwl/WDFBJu
Keslie,klangangr@earthlink.net,$2a$04$ygU21l7roD.7oBbL.5L5aOpMqMqDqiyKfdyQPsc1.PtY1izrZOKh2
Neron,ncluittgs@si.edu,$2a$04$.HwD7a60j4jWesUbYH3HVOZRotHgDABpqervOrCxyvCOtO0bGEKL.
Selena,smcgaugangt@goodreads.com,$2a$04$KK9xfpeCZdEoZ8oL9patX.YfW4g/xT161UoBpFK00EI4dOQ/JJ0u2
Georgeta,gavramchikgu@umn.edu,$2a$04$UNGyqhdgCN2L6I275QmfS.hR5aH6lFUABDZGpr6cHj4lRkwR//1cC
Honey,hdeppengv@examiner.com,$2a$04$PDnVpwsvVaLEljLmwfJDyeHU/IXDxFrdzhOx14rEWP9lQCU9DsSPy
Karna,kwipergw@umn.edu,$2a$04$VhI5QlYfEd0k2Lfq2B04U.KS5qRKgOJvbzqQdPnIRAUU.ix54pKY6
Amalie,amccuegx@usnews.com,$2a$04$rdJfNDMyTnDKxZ9S7Zg6Zewqb3Nqztpk9SoyyEGelk.1Y9kzvPL86
Roxanne,rtrelevengy@state.tx.us,$2a$04$/BhjVzfEn.5EPqa8D9fmZela6HWQTLE8YH9bS0OPKUXq3FzeLBC.K
Hinda,hthowgz@comcast.net,$2a$04$p0j0mDCNEKDSVl/OvtgB0uItkTSTVV0GCvaTTlPE8fjZo62u6lYcK
Bo,bhabornh0@nytimes.com,$2a$04$4UP./6Lxh2/Fu89f6Zs7KenF.pdLN8Fu4UTuSd9mCBOYs8UzIQgM6
Idalina,icoplandh1@storify.com,$2a$04$0sX80.6LnmwibMQTlwxEyem.k1YMNjILfSARXZOG9zyc2FcZYkgpm
Jonathan,jcosbeeh2@toplist.cz,$2a$04$r/qqJLrTPEV6KKWRrsXiQeNeLymO0e5X5YwyjjeiWyaOjaV5.NRcK
Athena,agarmonh3@sbwire.com,$2a$04$L3ioWRDXBAnB/HBPW85qNevNS1puBL6NMoJspc5SwFyKUCFLxXdd6
Trstram,tridholeh4@army.mil,$2a$04$a7zmL.qofowRc9QPOgLiJOFzy04BI8tuzC69Q0jihoAMjiyQxXefG
Melosa,msnodenh5@jiathis.com,$2a$04$NHxoDR1aBF9st3rECOyO..cc32suNkUGHT6W/UsYgXpp1QOvlErQO
Norah,nroylh6@deviantart.com,$2a$04$oaJXC27K7WyIU2nS.Qjcee409XRMFPBPI920TCmHzJ0msuewMOB.y
Luce,lbouskillh7@sun.com,$2a$04$sj2Ubnxu6DqDXbFbW/v/v.xhEKDdx3jPfSz3A0TaV0zl83Pavbdy6
Tammie,tmeatesh8@china.com.cn,$2a$04$RWJzo9rAiy.AhGOjdhf0MOArvLlIg8y6Fzw6S5N5KqoBXTCbv9lZm
Germaine,gwheadonh9@usda.gov,$2a$04$APXVBpESK8ng0CPgfY61au/Yjde4pEY57L7Pl0NJTakqqx7B4zGVe
Leann,ltremellingha@harvard.edu,$2a$04$3O8otVIeP6BqKkUDGhgm5u84O8Te0UHY6vtFexAjwPJpDDX9gLXXO
Bettina,bdunkinsonhb@bigcartel.com,$2a$04$5qsAjQSuBU5i6NQUJ9EifOPB4NE4a9ko.kXE1x9qEnK3a75.64Mxq
Thayne,tdrohunhc@fema.gov,$2a$04$R0v6e4.Xn8mkfibjxLxl8ODl9avHK5.8YBl3ZMjbBXinS/U9LzeJm
Mort,mpatrichehd@ftc.gov,$2a$04$P9K3G73KhK3O770WQt8IQeDFtFsnlS/qgUdUtE8R3s3bU078/2Ah.
Fergus,fmatoviche@ebay.co.uk,$2a$04$p9VAy9tB6uA2J4wieniJh.77eCGPOuclSUHAvyT6qEXHg44T0.vO6
Brandy,bferminhf@blogger.com,$2a$04$0yCavHym/ss4zhqGqusz4.IxlAv6A.FRRQ56ktlpznVVS7SizZjG.
Antony,aotterhg@amazon.co.uk,$2a$04$nTl8WHyGBMh28MjpmnycyOhq9LV7nS5zlzKBupCsgqVGIJoxE6ZbW
Klara,kyettonhh@theguardian.com,$2a$04$szCzD3M2R6JSE2uHVWKb6.M4a8Cbt.cBPp40ydei2lySzLG7IwhTm
Zachariah,zbeveragehi@admin.ch,$2a$04$Zc0pLfdNm.OTbLacu45D4OvHbqEDKL9HWhlm/CMvLVT5nJ5gBhAUu
Tad,tnorcutthj@ed.gov,$2a$04$4q4UGO5O1mG5CIADOWePie6Iw0kyqJJCn279jU5bLRDn0wHMg8RZq
Perry,pmacnameehk@ucoz.com,$2a$04$XFmRbPRPAs8U1qBkPTw/KOuWm/0qG0hStqbEsmriYE/TFhffIiiw6
Idette,iparkinshl@umich.edu,$2a$04$e0h32900ODpbx/CZbI9sRe4KatiwE3McsfB.P9jvGSeboenicn7bG
Kellia,kcornilleauhm@time.com,$2a$04$sPhou1W9EtOvHPzgdOpPZ.Xd2YEMib8yefoTwVdc868fEK/ncEtn.
Yves,yaucourtehn@craigslist.org,$2a$04$Ul0/s6Ii6kRV1b7FFEAz9u8DwVXRslt.nKTOj85yY0te5ZYnJkb2m
Guido,gpratleyho@goo.ne.jp,$2a$04$1O6VfWipJiSsXs5dPQleYuRbgfMHmZ2yvhqVPcOAd3N0IDB6HkMQm
Alexis,avarahhp@walmart.com,$2a$04$GgP1tSIuUitJIABqykfq7.DxNsSQaEVO2VE/QkZvcpzTwbmBhOLgm
Dorotea,dpindarhq@mediafire.com,$2a$04$8.BYmYm1JaKlIFihjRtFuO7mxyB23Z7cRpmP9V..E/OvcEB8j0wqW
Abbie,abisonhr@oaic.gov.au,$2a$04$qq0NcinzOJdJzZLTXcqhQOIQGb4R.WbtC.qzLn/PhpSLm50X3i9a.
Vanna,vcharleths@t-online.de,$2a$04$HPAIVbJdGfi9p6K0Kh6qA.iTVzQuBEmMW6VXG3c4494cTgf2LSyU6
Shelba,sfeakht@barnesandnoble.com,$2a$04$dVkw2eOvNtPQY5t3u3zZZu/l8EeynKfhaoKuhv.xDRb6MSsHwdqLS
Molli,mmacneelyhu@samsung.com,$2a$04$S9DevhzU8qmRmGKMAV1sVevtqkWESz5P0ppuGYkRFAZsS7U3iR00C
Lanny,llorkinghv@linkedin.com,$2a$04$pel3HORauSpfoYXXupCDPufuBjmOJ0X1WlYiX0x3CTk6Ve8Jh1Sfm
Abbie,acullenhw@guardian.co.uk,$2a$04$5QjCwlyUbSJBKGxYahKKeup6sUqMUl7OBGJ4u/ioiB1J9nWUHD9Ba
Tamera,tbunyanhx@biglobe.ne.jp,$2a$04$1qCH2I1yM987nNjDl.dG7.4zrGYleRVcGL3n3/waSJTk.Xan1OZ6e
Wyatt,wspeddinhy@state.tx.us,$2a$04$n.l0jxQ193v54FyPX7f1Su.mzMa6vqH/YBrVaV8RRUJnNlry/1F.C
Miquela,mfatharlyhz@hexun.com,$2a$04$XYVeIfbNoy5ekdXWhg95CuCBgO18keuqwCxyVR5sUdU27sjwAmtCu
Loreen,lmarsdeni0@stanford.edu,$2a$04$fuaS9rOWp2WzJHTM.9ueq.S1u1RnUuVi79SWB4fIqR1cNGSw//TOe
Ginny,gingermani1@vkontakte.ru,$2a$04$rhPJvd.UwtuEaIK8X/zaJOeFy9lwMeWWtdxo9zJtt/44J2WXCPUYe
Gratiana,ginmetti2@mtv.com,$2a$04$zWPnCnOGjGlaoINJ5VhwFutu.q4poDLSfnmgJYgKgHTLfgBU0e.Eu
Dominica,dthandii3@mashable.com,$2a$04$hWCbO.6v56dyewSc.mk.X.BHQUa9IDxj2G0UDc1jyMhSfpVI1.Ey6
Iona,ibeezei4@umich.edu,$2a$04$ePJiZchzREWMV0kVkTAHK.czN5I09ll0cN0ykzbf0Fd1D5FiddDEy
Hinda,hlowderi5@nsw.gov.au,$2a$04$KJcNQ2oYD68ypCsiXyWB/ec20rCX2TqdsJGO/Z2aDvwiS9kKN7jry
Moe,mcaccavalei6@addtoany.com,$2a$04$Og..yly0Q2qrElakDUEOK.KQZINVZbk4vW51ORIUyhcySCdL5v/k2
Antonietta,asapsoni7@angelfire.com,$2a$04$rCmAFw6RoQa7gJiEBflqSu78PW4lrD2q.aOt5vi0Ci74j8ytz7lii
Carlen,cgrangieri8@lycos.com,$2a$04$UEDEVDacUNiQ5nf/HMd3ROtIOMQH6tugMPgyj3Ux.s3RFvMXCCCiO
Sig,sandrieui9@mozilla.com,$2a$04$aV5lf9RIP1LUXCxRfl0UZOT.bfrnR59XXVC3CoiWNkEAIxPQTVRjW
Anderea,aogilvyia@photobucket.com,$2a$04$7pabX65sN/e6XAdEhBTpNOMxdEGEgvpYfoFnujX1gigENM2eVlFL2
Donavon,driccaib@arstechnica.com,$2a$04$zt6qeTobU/Ik1Y2gJuu9Xu2CINxGR/aCm3miALe8UXfS47jfkjJJ.
Ryan,rlawilleic@acquirethisname.com,$2a$04$LkaOUXfBoDUpvoerPC0jRep4HnMvOGHrHIAAXPLhvAMjzCWUNxiDG
Doralyn,ddaverenid@a8.net,$2a$04$AbdTBkbg.A9X6zzbJqTw/.cfZHwVmWwaV8AIV4qrQDcC5v8Q8cpP6
Kerri,koakie@usgs.gov,$2a$04$UzdZunxe3.N0oA/6AWCwAue2OoS30qhzGIukAaMw5UZCck6O5U.42
Jacquelynn,jburgesif@zimbio.com,$2a$04$FnU4fSg8ABc96cCyCM50Q.o1G.rEBgk06ahJECDOvXsby0vG3vHu6
Alan,abraynig@prnewswire.com,$2a$04$jAXsLoe9z1mcDbHX3i9Lsu9W3E6hYnOELPKimsB5cu4QMoGBEZYKC
Tye,tmcfetrichih@meetup.com,$2a$04$fQgB7BeJPYNB02qrNzO4O.SPp6xZf052Mgr.B3rx/r8aduo6Mk/Wy
Beatrice,bfransmanii@ted.com,$2a$04$1CpJSbgG6JWb9zR/KC8U4O.RDCJVuMm3fiLP18eGPVYehlHARN082
Carilyn,ctackerij@ameblo.jp,$2a$04$0sg3Vj5j1sFlExZSFeSqteujErdBidemAwiJBIX38QCpEafCJiFdG
Ramon,rdavageik@toplist.cz,$2a$04$N27yMmCZBoO/1scJ87bxBukE0bKviGRwGUPa4Ie/SvHhhBWhbXr7e
Josias,jmeakinil@usgs.gov,$2a$04$3n0KA8TxACBB82IALm/PEuK/n2gd4PFN.X0OeShP4jfYWrDGgSZva
Electra,emintonim@abc.net.au,$2a$04$ZPDSEcct6l1DouQ7cb3N2OGy5VGNgXndpg3JSahPgCjkrZHpUxkrC
Stephine,sfordein@wordpress.com,$2a$04$EvNgKY29Ive9RmAOcQhXmuyQefSNI3f5Hcyl2x0ousKu.9XJgyjQy
Vinita,vbreensio@ebay.com,$2a$04$v68Y1Heon4TtDl3EGgjdXuYe5O1f30yuCdnPenCfcCSuUnUBYuZPO
Siusan,shaslegraveip@blogtalkradio.com,$2a$04$hCmLT0Lg1gOvK3U1XCEq/uNKC073eDFdFIKZC2J3BV4oxdjAVSH/2
Vinnie,vwhitwamiq@accuweather.com,$2a$04$54GRcO/i7UD6nwoXOZvwqeW9qfXWfxMnRnLpyzVeHcJ.aWh2F8.6e
Fee,fgluyasir@chron.com,$2a$04$YkUWy89NvbR7EnfOdQ3Umuwp60lsEoTfOh9SSqYFiS0m9r7HrWzDK
Tobin,tbrocktonis@infoseek.co.jp,$2a$04$xun7J35WYNXh4wu06.ykyuaAO0IJhCMM.w86SKeLQ0I/GvA/kcXi6
Meridith,mmaccolganit@umich.edu,$2a$04$XWOTPXazzZAS.yFxpo9ZhOvFAe4fS.meG7cUxRkybIk1EvMDxAQxa
Althea,afouldiu@elpais.com,$2a$04$kOqRPbiwq2.5JH3i5WtW7Od3ODynE4Ji7.KqCdxmg9/LPwz.1YiQC
Con,cyeuletiv@nba.com,$2a$04$NL7rYIe6bCoWvxup1o7Hj.ww.X7Jr23Q9H5thjRSlpglR89tI..5a
Griffin,gsergantiw@php.net,$2a$04$fAfAgOcKaNjfxBOL7ZS5nuFOKRHrCP8QW1tiNWR3MlPsbaRDspRxy
Bird,bthickinix@bizjournals.com,$2a$04$mgWl/uvi5msNg9BYDXRvOO.tMaxFg3Pnqy0IjNALryVWB9WLJK8ey
Katherina,kmattheeuwiy@phoca.cz,$2a$04$Wj4Y1f3Al/NvuecJEqBJE.HbxuCCUxlVnQIH5GGfgWc02b15GGRTm
Cristin,cmaineiz@weibo.com,$2a$04$8EeQuH8BBL/0eOQv1MVEUewlyj5NdlIvkwxYqu.DvdNBfnIPSre02
Cahra,csherryj0@parallels.com,$2a$04$wbh89CjvrFQ6DkSmwkkvvuz4NODP6OQDB494DcbWqZxLiJ5uFcgmW
Dreddy,dmclanaghanj1@ocn.ne.jp,$2a$04$tqBueH1gZ3TxfDhsFmlmxengBQ9ugYdkWSCDUwyDOcWBGsiHyposa
Brigida,bbrunj2@zimbio.com,$2a$04$uhvkxJxhMdR8aPHP78ZuKeup0PGU9r5y0A9Q7Sl31PsidF6iVayIq
Ronny,rmcquadej3@xrea.com,$2a$04$aS2auq4JUAMKihQD5Lppqu0Vxhax7rbfuBmyWxcAhSXyMo3eHTl8y
Fae,fpevsnerj4@cam.ac.uk,$2a$04$KR1bqDD6phZw/0lgTY./0eqm/RjY8ekoaVqcISigqe.3W1BLofjaO
Giulia,gsesonsj5@columbia.edu,$2a$04$28d93TPEaXxIRffOillHjehBqspyp0z5jqAZDKb.O3s.4uaF1Mpfa
Luciana,lfeighryj6@disqus.com,$2a$04$vXEAXys0aIZi2cLP4QCKiOCQUXg.IsN9G7S49FdCnRFtjl5BO6oDi
Carmella,cprucej7@xinhuanet.com,$2a$04$bwd.UH3Ssg4QypH1ZFZLbOJpyKTeQanuL.PAbHq/0vIvpM5BDyAcy
Rosemaria,rmatisoffj8@google.ca,$2a$04$cusMSxVZESqUYKijQ08J0.O9OfXO3sp6iv/FbwjoWrjUrjSkZXCR6
Charmine,cdurnj9@npr.org,$2a$04$.A27XdLhq7cj9bU1xq8BXepBqgp7Dl1XWxniaLZaiEvEK3FQc9d9W
Ted,tboddiceja@state.gov,$2a$04$y2O/M/JOuz9C3imYxPMjFeWKaDaE/K6S3yjg5lyVFJaFCYEG.HcCW
Marianna,mdimblebyjb@yellowpages.com,$2a$04$6GFretyKk5NFkXCiXY41sue7IoTlIMlxUR10u28G63DZPcSWJ15jS
Amerigo,amarstersjc@ustream.tv,$2a$04$f8OkviyPqa55Uf44.yUow.yAwk3yFuuPQ61bOl4IuRAPUnU/Nvjlm
Bethany,bkeatjd@tuttocitta.it,$2a$04$FY/yv1Z2v7mATfnmEjqhNe2JEIFAebWt9A/DA9P3o/kJ9v2SG17B6
Gisele,gpotkinsje@google.cn,$2a$04$0ae4qv3DhIgl6AryuvCaW.93RK0L4R5N4aVGDHtzXuWuD/BUzV3uq
Elbert,esolanjf@sourceforge.net,$2a$04$i7d.lvlGG/W3bwq2pOgpHuyD.x.TjLYltElNA1Jp5XFjOckIKycFm
Hube,hwabersichjg@about.com,$2a$04$7U767up06A9kJHSdKeppluasham2b4fvZGUyPP7uGiQMTE/yrguEu
Koo,kluxonjh@themeforest.net,$2a$04$JqTsz41XzYpfL/OtOuuV/ujP57l5y7QwCF3.oOQ6dM2ISCHFUNdjm
Sharlene,smcmanamenji@kickstarter.com,$2a$04$ILXXCuTfOw9mZzV92ZsuVeBddovIw19QzU8PlzNVYi2E9wjmHSl/.
Ilysa,iedgarsjj@goo.ne.jp,$2a$04$RSX.5x711s5nFamS2gvDWeuIb3gi8cDK3JFv12tEo/zcP1kV0kaK6
Albie,alawrinsonjk@dagondesign.com,$2a$04$/0f6ek.HfiOgjloNeZmbtOkENcRggfSwHiUsvXNZiFAIBGvs11xy2
Currie,cekelljl@xrea.com,$2a$04$jY8sAYHUgb9wPuCZ33Ob/.dBa.HAybJl/yOlsm73ynepVORR8HLMu
Piper,pthomazinjm@deviantart.com,$2a$04$fhxQBEnjrlD4I7x9rJrlWuiFtxe2F4wpvMlvXbVHB8weP/o5gHhrO
Michele,mklementjn@amazon.com,$2a$04$0FQAnCD89f7CJkRvIVtIu.X3lTxZz5fIyaClRz.w.MJoMgTw10rxe
Aldon,avigursjo@constantcontact.com,$2a$04$TMFsFqX002lh0lJilL01mu5O40O34loSUuhE7YmyqRZ1WSTOv2ZtW
Demetris,ddunkleyjp@pen.io,$2a$04$N6amGpT65T.MgBi3qlH/m.5HavkxKujLCI3pC6zllcRGq3lvrDpK.
Mortimer,mgleaderjq@dell.com,$2a$04$SWMVCLa0rF0Egw4J1siBEuGyLMIkcSvbG990BZBC3Vi3Hvye6DXVa
Penelopa,pplaydonjr@youtube.com,$2a$04$dPHBLn6bNJY9wwxa99NHYe8bCvSyLvadFOcsCtnkILKKeD6fQKnK6
Delmer,dservantejs@a8.net,$2a$04$XuVyY3.UQShCnRPxSYRRKuFCkQxKZzt2l5h9GuzL5DZ1W/4PZNwNK
Perice,phurlestonjt@hhs.gov,$2a$04$8GpLZgazDB/uCUT5VlZe9uExNByfvc0sij1UthumrlFTA9yLXjGLi
Bartolomeo,byearnesju@deliciousdays.com,$2a$04$GqBzq0.OgwxEP6hWJcQNduD7q4Fw6enxj9A9UoxvXXsU7Uoadovmi
Gardie,gmarronjv@pinterest.com,$2a$04$IyhoC9L/A7SNsTcS27IZz.M3oNC93GmUTPm3xq/3yb3XkFLX24P0G
Wilfrid,wmaudlingjw@washington.edu,$2a$04$dT1hKmSyelL46kqhAOJxieHhaIT.fhQUSM2odykzVQm2NRn37jTSK
Kylila,krenwickjx@nature.com,$2a$04$.9jkmcFtRIBWU9g8MY9Js.7idXOhEssuKGPuaM/7uqsUPWVFdpBti
Collin,csterndalejy@cdc.gov,$2a$04$FtMkbg6qrKj333u/NsAnyOwpEjxqYqLA5DWLmvMs3u29wNI64PoJu
Jud,jdewickjz@ucoz.ru,$2a$04$UgBa3By80E8/QJRy53e91e64foi7.fdzxg4As9kU7OJLo48C1tCvu
Valeda,vtimmermannk0@tripod.com,$2a$04$tSV4VadAjzo9jzPnjh8UYuWMilOcyks6/rCBydIN90KIAEmGVIeIi
Paddy,pmcneilliek1@wikimedia.org,$2a$04$sM0UPh7xaT5PeEseEGV3rudSauBoO.JlH8T3EHGEXWtjHz2vEsPR2
Jody,jyeldhamk2@reuters.com,$2a$04$beE.5GCTS7jRIOCADC8T1eb9P5BpL26HWl1CMSW50xcitp82gQriS
Ulises,udodingk3@google.es,$2a$04$1iN9DbmRJZOJJr6URqwq.u5kYKAEHqpJ7DjAzJAkLp1A63yOnmjCC
Birk,bsentenk4@ebay.com,$2a$04$E8SUOVwwiSUU37XZFBSlnOzzVnzAoG2/vSErIyuA4ZteS089IFv4a
Harmony,hcrossdalek5@usgs.gov,$2a$04$rYa8xR2URj1OcuGHinzFg.LqahyTwjLNHjVn5MdDfY1driDQBtRbK
Morey,mmckennak6@usgs.gov,$2a$04$OBm1C0VqY033ABlR27u5FeZfN5Wrf8FZwcpwHfRDiMFqmoWHmAQNu
Cassandry,cbradnockek7@flavors.me,$2a$04$OPtPPISgL1QQ63ZCtBex8uvjGkSUX5xNq5p3a3eAOKwqOe1aFLqX.
Nancy,nbandeyk8@alibaba.com,$2a$04$qfOUC7i8XhH54H9sRrhdEescis0/315bUZCrC9C28AXP39Cr0Y4Xe
Lorelei,lesplink9@army.mil,$2a$04$mgwQNErDnjDX4tabptRMLurM5Z9u06HaLChK.S2mKVGlvYsWd9GyC
Clarance,csawkinska@bbb.org,$2a$04$L0L..2V7iVMEnW.KD.FkJu.i1X/YIaQ4eOs1V.Yuhqfy7K5AlMOF.
Davis,ddimontkb@businesswire.com,$2a$04$z1PaVqQs7aW/NncS1..0xeME8GfMKCfxmgMR1tCisfj3YXfNuYO.u
Graehme,gsummonskc@blog.com,$2a$04$Zso.gQONc58ov4w27EsHCeGsMdXSJnOL.mVcdqM9Q0Uq9RY8UU8xa
Vi,vpitsallkd@chronoengine.com,$2a$04$6YYgM3EVSM2jhWSYBTUUeuiaVUV4qGDgpjIZoNb3OnpwnfgCrvtfy
Dania,dseyffertke@opensource.org,$2a$04$7tsWXFULsqNWUa4b5o0OmuG9Kh4n1fB1eVlLnt9clO9OnoIkFFote
Nicole,nbasketfieldkf@intel.com,$2a$04$MOjt8kYsOQWjVMqUKtc8SOAGfbvf8BP5hrAcoZMgsizYDS7H22t4.
Alyssa,apotterykg@irs.gov,$2a$04$WwD5SsXlZBLL8n4E72XH.ud8AOWLThw2tLf9R.4axp/y/xx/hnXjq
Sondra,sbrumheadkh@biblegateway.com,$2a$04$Ef.gizwU25RhaRZ97AtSzuow6yiDfoSR2rDI2R.1GbIcF6lRBQ/f.
Barney,bdavidsenki@constantcontact.com,$2a$04$jj8Zz.VTp.k63EuhgEQpK.l5m5N9kdOUKjA9S4WsRZOdrJGG0xq9a
Felike,frobelkj@spiegel.de,$2a$04$30FQysPH.4RQUk7aI0dkheaFylvGi8pqv.24nIOyXPKWY7SVoxDMa
Luella,lfachekk@disqus.com,$2a$04$Cyl0zsuEbzQxL9AWQVAz5.tqFC/9iPKsU8DgNRSmXmO.zX/VSFo5q
Sigfrid,sdulwichkl@google.es,$2a$04$V.ouiRvv3CTQ9HvoHLuJCegrRb9ZzrkNubWiYR..NiHBEkggNkLT6
Oralle,osimoneaukm@example.com,$2a$04$ttpJpXruBIvurKgI1LubUeU5FwtqYysJMlAw43FuNawuzWpwyihjC
Bill,bgradlykn@tripod.com,$2a$04$eW1LlcP56PKYASe1sIY49u0gXlLKxn.6U.x9zsiqaOVUQ8c1WRLl6
Connor,cbernotko@cloudflare.com,$2a$04$qy6Wgg0Omqq4xPvYmoqSpuRTKcd26lgVo49JNQ1WTm4qtWQFxvIEu
Eula,escamerdenkp@discuz.net,$2a$04$QxPVNTbo5ZgJsgLiKEZ0zuJwUQEJuCEkOuyVTH6nb5ACOUxqsiEXK
Claudetta,cardernekq@webnode.com,$2a$04$UdAqBvkvoI5LG3E.5rK/OenxAJNtazfZ8fsmca7KkOUORNP4FZFCy
Sylvester,sgillerkr@mayoclinic.com,$2a$04$EsxUU5sUNkBIb8tIcGRnB.HhaxloPHn2Fyd7Kl16g1CSxRGHzKyhe
Meade,mblackallerks@skyrock.com,$2a$04$oLRWaqBCt/LM7oGwiw6Yz.jTAOg1LhKO8vKVDwwut0xb4MlFeID9C
Diahann,dkeepinkt@163.com,$2a$04$FC18WGKh58Ta2uEVm1hdAub.q9d16Z31DRCOkqsanHSa4lUJw3Djm
Bianka,bfitzerku@icq.com,$2a$04$Q89Kg4MTiWZPLpMBaamX6OQpLwS5JEgzLn3mjbAkiWIE7CIFlLVl2
Tandy,tdearlekv@pinterest.com,$2a$04$Cgkd3FmypwkI6k8XGYJJcuDdjd4D.6MgMD1nrhtii4XYSatRhvj7q
Pen,phandrahankw@issuu.com,$2a$04$vneNdzbdJPKbT7y./JjwFOao8pHzY1tMJTahEpDrtAuzI5KK6kmGm
Genovera,ggilbodykx@example.com,$2a$04$1TbrGgETCFUldzyD3Ie/O.FnlfQYDoUWONT0IDLvEEVILr1xQ4RiC
Saunders,sshowteky@nsw.gov.au,$2a$04$kvR9On3DrCDLxM47V0SLROy5wf4aVVqviy2kbAMpRdImTPsKzaDuq
Wilt,wstrondkz@theglobeandmail.com,$2a$04$3ZPHR1SVy27vQ.14bGR/oOJXvtORMqAnlxb.P8t1ZiID13WH/2KcO
Ferguson,fballardl0@printfriendly.com,$2a$04$WQnMSRp.G/mqUTNu3bY83uRIqIeHvGlBO/ng0xF9WBOTSAK4t6J9y
Cosette,cstranieril1@histats.com,$2a$04$D8Yw9rdG9Wo/zHcWHQeJ0O7r45VQE6RT2QAXaYVfanPP3cR9QjuES
Francisca,ftrittenl2@symantec.com,$2a$04$WNjw2X6.EuxSifC2R/h6i..O9r/ctj4NnlgKcdjqOpQNPzCn7CR32
Winny,wbernhardl3@t.co,$2a$04$nl2HwjDTgvxCjEs/q1UDkuM7CfnFs1cK9lG.5PM8K6Uz0rSpZ5jFu
Josefina,jpitbladdol4@sohu.com,$2a$04$xjYUdwX5rNf.46t/ektLuOY1wh1umCXeiPl5OHcyomRSeJ3RAsuwS
Leonie,locosgral5@cam.ac.uk,$2a$04$NNYEXSExhdGGwFwjKHK8buE/G9.eups8Ev62sGIjWlKOK9vlSlX8u
Jacky,jhanningl6@weebly.com,$2a$04$Kpux3obC5GeSs52cNtwQru55w1fNMQfLXP6kbTmkgGwAUSjAEBxaa
Thane,twhightmanl7@npr.org,$2a$04$KbrjYd.4S4099O9i7X/gEOvgXDC4EMXqw6iNfWArfKiI92JG4KwvW
Carroll,csagel8@wsj.com,$2a$04$biycNbPqlIYwyZBQFSu1vuYoY4yT3wywthx2nN39Wpd8qrrqL4cCK
Reggie,rstricklerl9@state.gov,$2a$04$/VH58fQXANE35VWLpZQ19.v/MNXzQES2jo7hE8C202oGkKEQ76X3W
Karylin,kstockneyla@jigsy.com,$2a$04$KaJ7fUzWE2WWL.AS/LFUuu.jmDyhHJ65X.qqRap0fH04vSziaRb.G
Saxe,smariellelb@eventbrite.com,$2a$04$57qhffEOTyg89cb4yKfXUO1g2MPelbJdTgdCTfPHVlAOwHzcnKX0.
Fairfax,fschowenburglc@google.de,$2a$04$yTMGCZw2A6r6NovAEvq79./RcBpZ454TeJtGVFPnmk9JKY045kbDy
Heinrick,hdicarlild@china.com.cn,$2a$04$EGzTVBEgxdmbbgo3SpYP8eZFANm4ZDlpzhz4/NC9xouAsk/kaz95u
Lodovico,lcarthewle@usnews.com,$2a$04$.oSq44MudtmRqdwGwg44xukRlyiP/BnHh8WEylK4PRPLPwzHQpfOW
Juieta,jmccartneylf@uiuc.edu,$2a$04$ZBpYa.N1Jp.mTAyO67/UCeH.t32MR74hP17c37o1IDWJL6uyIeIL6
Alasteir,aclaclg@youtu.be,$2a$04$ed5Vd7nI.kFX7SakLOBcqOZUZu3tgUlbVSNyDdAZZAXe.W8SOMxce
Xerxes,xmcgarvalh@about.me,$2a$04$EbufHwy9DH/FY72gUdx.V.ofumXE1DwUr5D6t275EWqVpA7L54.ye
Bartlet,bthorroldli@etsy.com,$2a$04$rAfvIt/HS3R2KgXPWykV4eei7wtCaAPPmweffLo8/JbN.nS.OjIW.
Olympia,oingreylj@multiply.com,$2a$04$qzJqe1.Mu69p5baAXLR04O4Jw9sTtP8mfDN3fdfJALgWphlQxoaY.
Melonie,mwrigleylk@prweb.com,$2a$04$iBREtS2jQIjPN2EAc9p4l..CUj9M.KtWUp5vNDmXPTugLvD2YeXJW
Vallie,vthurnerll@nih.gov,$2a$04$X.3ucrMHQAbKkqY4gZezV.CIHv2iKcyGJDeUV7QhK8dFr4o.JpvWW
Mame,mdorewardlm@furl.net,$2a$04$ZXFzPVtb3PQSTaVzazhovOpycYD.SFdYaEbPgociuXu35ujdzDdOi
Mikael,mblumln@usnews.com,$2a$04$I0FoZFUPIuQshJkBhxkNj.B7dT2e33.7uAlD7h9Sd0kKTVNBy.tUC
Tabby,tlowthorpelo@state.gov,$2a$04$F5.Xv/HbeFN9m1Vl.wYvSutfhZCihsTTlh4ME5iti7eALRONb8Loq
Trish,tcatterilllp@domainmarket.com,$2a$04$Efy5H6k9.gjQvRlAN3hjGeUBjVujZzmSlC8Cq1hvBxBGoXio6x1R.
Marquita,modroughtlq@parallels.com,$2a$04$W/0lHqMDalDL4g7DDr3bce.GIv0KgZbIz2CjlJcP5yPazmgih/bly
Raddie,rswattonlr@blog.com,$2a$04$H/mxHTbP96aQA0B0cd8Pfuv61s1RRzNPWNZqd1c/Qxw3eAOJVKlAG
Hanni,hcrowdls@discovery.com,$2a$04$LKySfL5Vgdj9LU8hyqmdDux0azkPJV9gnBLiWpA1E3Ji7wOIUuD8S
Cornelia,cclaypolelt@psu.edu,$2a$04$eI0MHiqn0cclABgMiKOYPuLMFToBwVbZ5k..OW5GNSNGfyJ6GPWhC
Wernher,wbushlu@indiegogo.com,$2a$04$xmAyVkScWk3pybR1qa215uRL881sLGRRpKko1Uu/r/s29WOrx5jMm
Emera,egeggielv@telegraph.co.uk,$2a$04$9R2nFnt/ELRY0Ufdqc8lh.WWLfGTiq.BsTsh/VKkWzMKGYY83yMjq
Mordy,mkahnlw@mail.ru,$2a$04$izMmEPF8brY6hPlXShNt..h3fscVOkliqUexSkKv6hwjSMH55bXH.
Darda,drosenfieldlx@ihg.com,$2a$04$RR.KQyynKrGWDiB/wLn3xebuBwmnSiSHqrexwfCK2xK9LZK5hblRO
Willdon,whosbyly@ibm.com,$2a$04$tRKrHLQLMdbjUr6mVIDPRunPurcWfwupYZLnlxSsE75hu1SaBlaPi
Shepherd,slegatlz@joomla.org,$2a$04$v6FfjkCQwuJ/eDkfn/rgX.ejNHU/i8LofGmw.qr.MEdNVjjt9y9ZK
Abby,aderdesm0@nyu.edu,$2a$04$6pq9HJlsHC.mnM9kjSM2r..F3YpCtXhgpGYT99gDmXU.1m2YgHvB6
Chester,cmosenm1@oakley.com,$2a$04$Fh4aPr8T.HG9w0erhzX2seCOTorl8vjpxu3DDyDuiIUOqzlKA1MiK
Gar,ggirathsm2@thetimes.co.uk,$2a$04$MLNSPV7S27bXMLZlKawk1eaAKww4ZrUpNErTpdPo6M33JcJnlXuA6
Liza,lmcconvillem3@hp.com,$2a$04$BTRtLTNFPnjcQ56yBlKEM.sDUbDt6tVjJvezNJSyclyxAUOo4dKwS
Georgianna,gzimmermeisterm4@reddit.com,$2a$04$NTag7a4L.3M9MFOKPci1YutZm.tl7GuGcjWeG4ZvjauSGdBTELjji
Alanah,adeversm5@amazonaws.com,$2a$04$JTfpv9mb/EiwaGLY2yhQ1OIkoPaGVJ67Aozoeu0e.iOjNCGjhhssa
Filberte,fscusem6@opera.com,$2a$04$Yete34clB4DXywqQwo5HTeFgOMpDUbNrXlvH7ZA1WiGeX55k9yG5q
Belicia,bmoriganm7@usnews.com,$2a$04$HA8IDgtdctg1Jy9vVlQ83.SGgRCKas2BpdSXYOv8mi3qy4gjqkeEO
Janifer,jreviem8@t-online.de,$2a$04$sj/vpOquO0lJZ6fE07JPher.3ExNmXlsDK6tPQRSyA7PgZJpwCCrq
Rosamond,rbonicellim9@qq.com,$2a$04$ABDMp31s.O6KBr/WRJZKzuj3QksncrEDOOOsVKpGuoPAMNpaCihxK
Pansie,pmeynellma@tamu.edu,$2a$04$tTSV1DADlBo1YlUTkv3PqONbT9Uxs.rlvFvHDuw4UeMuO5mYvPkZa
Carlyle,cmabbuttmb@mtv.com,$2a$04$RL1ws9Mr0mhmh3/s3TsCauvesiLk4OPMo0.e4otKgyo/uGm/mb3h.
Andee,amacterrellymc@kickstarter.com,$2a$04$4ykyavxaghnhg.vfeF9ApeS0zgM.1qkVcCn6axXdQcF.D9ojbdeKq
Salim,stewkesberriemd@toplist.cz,$2a$04$7fvDOwS.Ed9IA3hrJFj8W.O5FV4KRRrlQb5IyLLX8eHs8t7Aw.YnG
Alexandre,ayellme@wiley.com,$2a$04$tzMALxFHxvktuEakHC1L9ePy4mUXGwiHe3ZI79cML6NXQbGjXWCxC
Stanislaus,smclardiemf@tinypic.com,$2a$04$cURUj0o1HSgGyjhmuw847uqhbeG97Sxld0WrLzoAahWil8QvbzSMy
Gray,gnewmanmg@slashdot.org,$2a$04$9FCU7BUV8O6B.FXyolm2q.JggtecsuD.cPCFh50SiKBKh.Fvctv6y
Fiona,fgoodburnmh@infoseek.co.jp,$2a$04$54VacmXgeg4UIAj1p1V3TOxJNeAkDCv5RIisdFq94PQ6xKA/oNXPq
Elmira,eenticottmi@senate.gov,$2a$04$AinY79PD00ifsZdkMMf0DeZOY4y.P7GQ1MJ/OXPCA9xRzHqzTeWd.
Sigismund,shendrichsmj@gnu.org,$2a$04$7Iqkwd5UQs2LEinO7zJBp.27SWvQX/4VLrR6deTn69yFbWZYISJ22
Jacobo,jlillymk@zdnet.com,$2a$04$8B8xgD0okUQWq68HHT6q/OwLbG9INb6hSjrriWVnE5LxnEhNVvyyC
Morry,mgreserml@ebay.co.uk,$2a$04$d66ZMo9Be0R1YyYN7.W7l.703JtE5iYf/M.Sa.PCGr5/zi7WYp4ui
Kenon,kboigmm@sbwire.com,$2a$04$ZZrrqS0YUdbR.F5rXzJB3e4xXWdMfQVGxYe9V/939mIWxYciJp/lS
Beth,bcastagnemn@virginia.edu,$2a$04$offTr8X/cx4lJ8aKXXL28eO2MrGQezdH.Udef59R24CiH114bS6mq
Gothart,galgiemo@tamu.edu,$2a$04$7zvR.9JAEWWsOfWj/PMp0uLoLqv9sneYpqbfjNUVwNR2zFAzTLMnS
Drona,dbeagleymp@loc.gov,$2a$04$mgDowmsbFpwuIgITOgT4VeqyVTKGwkbJonUva/LzDUi.uR1comiJe
Costanza,cpyrtonmq@homestead.com,$2a$04$BE1RtoKCv23In3sDdnbMDuvYYbutbXn59gRXonJqLA083juLnzC3m
Rayner,rmacrowmr@alexa.com,$2a$04$7zCTMGebhVU6z20eDokFku8TiyYGsqKjXx8gIyre7bZaa3mpAvARO
Franky,fspinkems@prlog.org,$2a$04$733PFDTqn9tPP1Nh8x4jauRVF9YN8lh7EXeYxNaGxuu8tbXEmC6Hy
Andrus,abothemt@mediafire.com,$2a$04$Ehx5/pkKuzBxkvGz2Jmc4.XrsT0c20VTtaIF0/H97k9TdEsnmbCXW
Bertrand,bcloustonmu@yellowbook.com,$2a$04$.yt6cgeyayFBEdHju9inA.U/WWkz6xpvQYrlGcn/ECERgcHVuV6Fa
Idette,isirlmv@arizona.edu,$2a$04$9LPPT/iICUcTgh91xzVr.OpgIBCcYbok3kSlsB4qJbCDz66a4DGTy
Malinda,mlewsymw@ucoz.com,$2a$04$GrX8T2Cx7dX/9sQovjpDwuHalaWTMrIsvwZHGaRXw9nQ9Hga9h.e6
Saunders,smeneermx@fastcompany.com,$2a$04$GBVibycdizEzaX26njWKbuo5IIjiwo72DRqXaFxEzxcYXirSW123S
Anselm,aquartlymy@nps.gov,$2a$04$0iQtcQYOtgqIEO9pgDJrZufNUI8JQYQjURC7AauN3GZjSjFScwfgK
Bil,bsharplesmz@nps.gov,$2a$04$s7pjjgQFMEM/YtP.1DWIkupXraof4mEcW6raplxsM.pynOZM0.vhe
Chantalle,cglaistern0@google.es,$2a$04$bcchVatlduzdJQK97lNhvuDTqCOPEfIkoZZzFcL8CQVMrFQZ81beS
Willie,wklemenzn1@flickr.com,$2a$04$pyooovReszVGZoCFWBAet.Mgi89A0E2UI4FePtewpy.XrSVk.QwJe
Doug,dbaroschn2@accuweather.com,$2a$04$ucHnxIg3OufndB0jRaqKDODz4MVieRD0ayk02LOzcEOMNER5bA8L6
Gabbi,gliddonn3@un.org,$2a$04$N2YNiIamF7WECkmFAA47nO43H6SPl/uA9aDyadtf6epLqDYQ.VLoi
Paxton,pfassann4@state.tx.us,$2a$04$HdLKMVFgfSr3ecvl77rhz.MKpgn2BRlhhFY70nQTp5FQFxy35Ihmu
Diena,dschwandnern5@cargocollective.com,$2a$04$or5TtH0OKyDmlQK878R6GeQ7tebRkydrnmL9zGzmTEV/UwcEke39K
Tandie,tdannettn6@freewebs.com,$2a$04$kyKwidt5H4l7FKp5VmDd6OklKrQeqqhf2mff34Qb67bBLBFFxW97G
Therine,tmelanaphyn7@vinaora.com,$2a$04$pv5qDUkbTSNBZxmV82bK.OeHVA9gjnJTdiumY7HV2l.glbSfaaBou
Toby,tdeekesn8@google.it,$2a$04$WbLie3jFE1qxDt/V0MYcDuXeiCt6Dg74nRyRNKA6bYCgQL7W2Mrgu
Inesita,ikynastonn9@dot.gov,$2a$04$K6OhwuljTfyNHJx2fgxS0OfhgZZx9bUymmW8N.3iYb5JRwaixB0zq
Constanta,cmolloyna@google.co.jp,$2a$04$xJZB9buwSbr/YsKfwAQ81ePnzK0N.6ty7xUSB.wlYiJVLG7DVF4NC
Millicent,mwalpolenb@ustream.tv,$2a$04$nDSzQy75kj9HlJDrCfpk4eeJ6qH25xzr5n39CU6GaiMCv72Lv64Jq
Dasie,dcottonnc@ftc.gov,$2a$04$SXfvg8fu5g3TgPdYw5GrX.LnSCTKJyjkPTbNC0FFuyz7uaD9RYt6m
Gus,gpiattond@va.gov,$2a$04$90LwSXyChb37f1N/nIO1duZIdYy4Vu.0CkI9ffeSdKy6g0vS0CH8G
Othilia,onasonne@va.gov,$2a$04$n5TSDiTuQD1HMwbt5BCHi.vONcPsrf.Nrha.vUG197TIYTIiWGayG
Ash,agrayleynf@lulu.com,$2a$04$aRS1dr5T.ienw9pFS.UkSeF5uhevRfl5YiLip3dLT9sMHr.jmQOhG
Titos,tdjurdjevicng@tiny.cc,$2a$04$wGBkJ95ppmp3FnE1.86dQO4hC8ltdrdxJ2ztXD6irXCI333mqfhg6
Erin,eabelovitznh@netvibes.com,$2a$04$0X6f4V0JL5goemazddb.2em5ijyYQIyxjubqiW8bgIksuSqBCkOG2
Danya,dcaudrelierni@guardian.co.uk,$2a$04$sjqaxGpUrGldIh7P9zPneevgS158OxsKvwZuwvS.iyTCdc8qhNe0m
Randolph,rflacknj@opensource.org,$2a$04$dOfuI3GBmoCG1gxqQOjrbebRYW6t43uQ8a9JD6ijohZG1XHWNNRf.
Rodina,rhobbennk@php.net,$2a$04$E7XrA/4mJ88tiGgDcBjXj.5CiQ9hXjBpzGbMzFLNBSqUpi0mIlTeq
Drusy,drenekenl@arstechnica.com,$2a$04$T6IZXAb4/DvSVo9bAsQN/uhIIySyo76hshYxQEdvITiMw6uA9Ii9y
Kippie,kroscampsnm@google.de,$2a$04$sP78IfaOJ44JPzGrYiWLLeyKKbBH.FiIW2gViuEONOoB7K7pyZv02
Adrianne,adisneynn@ezinearticles.com,$2a$04$.wZ.dsEFBNd197yB8ZKg..IdPZJZ6gBBxtrw3e3RIn1DWfuXDPiz2
Dusty,dbridalno@google.ca,$2a$04$UGAiB90lTeFmwDmLRXv6k.I8uL/cJNGgSHd1ZfeQFlFGxqgp5CUWa
Janice,jpriddeynp@homestead.com,$2a$04$rU4MkuKGHtWW.txdFvYRE.i6T30yT.RGqW0IFJ3Cush1JUdJI4eKa
Cazzie,crittmeiernq@flickr.com,$2a$04$gYVmMmyr09zCct9AHFL0Ae3.reKtx6NqK/j5Pgvo894sEqH7h9F76
Feliza,fricharznr@nydailynews.com,$2a$04$GnOPzqXWaU5OLzsfjcZmmenoguPsGErlT7JIlfv4feuYW8.26Qdo.
Paco,pshippeyns@rakuten.co.jp,$2a$04$LLj/M6jL3UkWESBJxKoZq.Nujs7cQpwC0j5lcftIZV8Qy9Jfsxi5q
Averill,akamenant@dmoz.org,$2a$04$/vkv3HzktV3WYJBKVlJ.1.BHabgVGhguhTIJ8Uu1VHvxbEkr065KW
Evelyn,estennettnu@addtoany.com,$2a$04$QJ/.re/YRBHT3ZwCz5sUue1rIV5.FkbFk2pUnNaYm7rdsUtCryT3.
Barbara,bredholenv@homestead.com,$2a$04$S7fqsvjNK4oOT.7cdOs/aOP59/rYZkPphSU6uCPT/V40rngcGdQVy
Yehudit,yelkingtonnw@tripod.com,$2a$04$Sj/jH70YLpqbw2m9svAZNuKg/pyIhMM6vAUo1rHfgm.jJ1LfGym0q
Katha,kbrouardnx@walmart.com,$2a$04$OsZlqKSw0f/BCMoUK3KEe.LHJOHgPzCtfwoVOkUuNYbll5BpHtO.O
Wakefield,wsholemny@bravesites.com,$2a$04$xA1qZc.zJLc.GkTq671oSuZ5zIUhGQbErn2vb8NQ8RqriiIlRPjXe
Beulah,bgodballnz@163.com,$2a$04$vfQCUttioMPUiOQYjJi7KuQMPt80F49Nay6YUUt/EPzqnWHevkMpu
Stanley,sbenezeito0@sohu.com,$2a$04$Qc9BEHYJk6GJgqJTMbIxwegGanVSI3bgDykD8KoHIBDbZnXKjSa4m
Bobbe,bfachero1@scribd.com,$2a$04$.XO899r1saho3VJVt5kXC.E/7N47eHTvi/mHFIldmaIGNWvN595mO
Barbie,bdraggeo2@drupal.org,$2a$04$WaEuAwOi0HIhspF1lTzEu.aB44UKINKj66N9IjyAxlR2BMomD/qzq
Ferdie,fdiegano3@biglobe.ne.jp,$2a$04$NYBIh.P7inGKQqJmca06YurHAzRaRu2kHHex100zYw1X0yZHpmv4e
Willard,wpieruccio4@csmonitor.com,$2a$04$PpIobdcGdmp1bmFw1skzuOZaPyHKtlc3tBqyYylb9YnAcFV3O9vNa
Pablo,pdumberrillo5@github.com,$2a$04$WkGqnmdKbYR5V8HOyvHMI.2o6T7Z5kpFbHbazlPuFnaBs15cwqn1i
Hilda,halldritto6@oracle.com,$2a$04$vrkXQCTqvIHmboGuZZAA.uzb9aPr9NXBkrZAlxLotGE4q4nqibVoe
Delora,draveluso7@tamu.edu,$2a$04$wSfjaBhSEKOvpTQeHoVOeOFfgNuLXN3.O2HLVsFLdtcly5HM4fq2G
Orton,ocrosso8@dmoz.org,$2a$04$FE37x.36uRjGFLxPuZv2P.sYAUkf8svl5UooYyeRyrv1NBirBYR7y
Elton,echanceo9@elpais.com,$2a$04$aiLhUB.6EUixA.8vN805HOThJDaVlzxWoCcCK0k7WZm6rosjmA5Ve
Munroe,mdorieoa@reverbnation.com,$2a$04$a.sONlmGOgQ/wEoVX26j3.BblxORr/sf.kIMGL/gu3PLMFj.2VyOm
Ashlan,aebblesob@ed.gov,$2a$04$jEg6mIcBHr/AHt0rbO2kJeiHPQFS2ap2oPNioIVwtE9SgooON5wwm
Madeleine,mcranmeroc@cam.ac.uk,$2a$04$4CHQ8qlnZRrDM3MF3NhZCOWEfLcZ3eQ2HivY2V532O8e1EDYo2kae
Ardelia,apeppardod@theguardian.com,$2a$04$nNGFNROcAB6cbHravLFBj.UaW5FpnCkM2MxiiF71w5eFLfJ9QH4GG
Lenore,lemanuelioe@alexa.com,$2a$04$VQYCWPmGx5OGfX0HXxEfH.Y22INEGKmAyhaV0Eo39Jn6FunhdMXIS
Carroll,cscobleof@reverbnation.com,$2a$04$GJi5qPW4snvGu46ipZ/qSuzo7BDHKlB/HmqyNo0FLNld4fgy0B.z6
Kenny,krichardesog@slashdot.org,$2a$04$tg2PgFXkE6I7Hu9WUljuZ.g.U6nBCku/EJ8fPo9mUwo1aJx8eOxrC
Vivyanne,vpairemanoh@chron.com,$2a$04$5PWlWqjsfgKrY46YFoBn9.u/FePFi8HmAumIDDx/qWRn9O3qU0Dk2
Jermaine,jbridgwoodoi@hexun.com,$2a$04$LRaQJGtV0Y.k9.JdWhsBy.ft1zq2RpPhUHPDivx/HRBUwVigrPj7O
Leroy,lvickeryoj@123-reg.co.uk,$2a$04$/OYRrGTjCuqaQDmUxv8WweTZU7QGr0OZ17CQUYBufO.VWk3ZqLSby
Rufus,rmahadyok@springer.com,$2a$04$whQIygNCh3PsMo63uPY77uysBBSQ.U97gPQPzFcl0upvGV7tKdX0G
Grover,gdagnallol@liveinternet.ru,$2a$04$2gMhlIBtaLZT1AEZPrd80uMPbnxAU9nJkITMYasjpsYi1ioOR53gi
Violetta,vbulfordom@sfgate.com,$2a$04$GPTH.VTUvt1Mn/egJKXKMuP0JyFuutDcEH2cJjqUQ1pboZM8FHfra
Edgar,eopperyon@house.gov,$2a$04$kRa9ibHduc5lnNhnFOBmKOCFXPvfRrPRG.RyKBjYovf.2Gk.zCf4m
Lulu,lpennaoo@abc.net.au,$2a$04$jQi6FlPfT0w6kx8VXm0Lf.WFX0a3tH.mIrHEYhNy1hev6cuCUdpU6
Perle,pplayleop@amazon.de,$2a$04$rU.wvjabkWJFQQUaWGoZGumc9iEMXoDVFaz0qYLjDaP1k4iSVg1W6
Goldia,gthickoq@weibo.com,$2a$04$HfYE5OuIAKt32q3nwApMFOTyecrz8XQJ7Wi.KXVrJnWqunVYBGOpa
Tann,treedyor@parallels.com,$2a$04$ECPhtdGZTFGY0D4SDFG10ObWq92LXoDRNVLHoBaQvkcuVqzGcylpC
Alexandr,aworksos@omniture.com,$2a$04$HOJlR/jl/lGmrDVWO3Fs5uqk628FxG3bGLvaCyXKTDbquYnPc1yT.
Marsiella,myakunikovot@soundcloud.com,$2a$04$KNgd0vWCzm3MoOjsp7lAi.MqMKRt5oUMee8Y8I.jxQhgutzG64VP.
Arluene,awabeou@blinklist.com,$2a$04$DZ3h0qwt8wkPNib98TPiPOBh/Lo0J2qTQcMmOPfhZekRp8ssGIuKO
Jacquelyn,jturleyov@usgs.gov,$2a$04$mFNwnaDalJ.OvtXq.atUNubV99ZmKXBnIkBnPjczrEd.uxXMdJfLC
Sonya,smacounow@about.com,$2a$04$QCEg/YozjqEt33mRAsLGjeT9ytjSazEhqTKaKlfFVwpPWny1zz2HS
Alix,awyattox@google.co.uk,$2a$04$kkGcZuz/F1gWsiIc.F8MVeeNcyAtpopLOOoWDUWeCW8CR8IJ.MDBa
Homere,hthynneoy@unc.edu,$2a$04$Co6RRKVE5Cx8RyyxesjnMOaR.31oFSDfiT12c8b5Z.uE5HxLp.xVi
Ines,ipettittoz@cargocollective.com,$2a$04$quhFrbMSZzWUQzsGWamEiur4Pon2djPT7SQ90cRMFbNvbyTYjH.8a
Kara,kmalshingerp0@webs.com,$2a$04$FqOrsqa9jSDqG55Y0dEJRulejRlqUrAla8hX1ZVEecNcQpDNt9apO
Ebonee,ematsellp1@vkontakte.ru,$2a$04$/It4pR9YVEPeEGPL4ePoOeLxf6SnlDt0W2ENiJbNKenGFQpC3xlY2
Mikkel,mpaffp2@dot.gov,$2a$04$6h9nRB/QybT0ho8dd/HV9uTlCCGDiIZsrxYtdSeegBZGhDw4uQVxO
Luca,lkinnairdp3@hugedomains.com,$2a$04$Kn0Bj7zH2Eo9DwdWaIJhs.RSe6mZutjdtEvM.smJLhVB1DSIwjrpS
Tiphani,thowmanp4@skype.com,$2a$04$UmeRPT2LlYrw7wyIBroLuu5A9.K7KPlTKJlBbA0yBi1f3syBppE2K
Burton,bbirckmannp5@chicagotribune.com,$2a$04$xKKHahsJ6Rr7OkzUkdOOAeFNJ/EeEp3w91Lu5w.ActaqnqbokxjJy
Dillon,dtenchp6@dedecms.com,$2a$04$suFyxUZ9Xq5bayCjKLc8l.okVvPwc3CUFTOTGZh4Rk5MtQnglPPqa
Tildie,tfernanp7@hc360.com,$2a$04$kuHHemLKHuabluRm.Tw/L.9zEFygVJ0KOjXQ/wCfz7jt2E.K.HBU6
Kaleena,kambrogiottip8@sakura.ne.jp,$2a$04$9zSHIHUfGDCIBP16VWpBbOKG40VtF46Fe2gW9Vjp/XwIpKxXfGfYC
Giorgia,gpallinp9@tmall.com,$2a$04$vlTGQSIlrk32aporbKBmTuKvcGzkFKQhmXH9K8yGvyef8RHS0aDZu
Morena,mserotpa@nps.gov,$2a$04$5JnFFLXaKBqpvES1ekPXsehF2N/gYg.LIfZp4fA0bS4OeiAnI7.NC
Judye,jbursnallpb@nytimes.com,$2a$04$.ffE/nfFefF6MJ.KScbwc.eMA9cv47s8ZTyMVN38lgn63bMp0uC6W
Teri,texeterpc@opera.com,$2a$04$L6jhgbnRMuaCxx0AgJZFoe5c73vOi5tQg65S25DMYTT9zQDmi/HQa
Emma,ecavanaghpd@hp.com,$2a$04$lZprdqdDRWuxw2oPOZFOm.DtT3afC/W2tpAZtyElA57HLrAM/evZy
Seline,shendrixpe@senate.gov,$2a$04$v685OgdLlz8kgJ4Z63yZ6eo6GugCJ5oeuq8Ye/jFN5ceP7rAly.OC
Berty,bleathardpf@technorati.com,$2a$04$Q3N8Ta8D9g5tlEWzadbfzuQVbJhD.x.2ZKC9EjLr0s0cHBoK8qxYS
Budd,bhouldeypg@senate.gov,$2a$04$aHys3VwA6X.y4BVCYKuZ1uC5mw6TU.7O4.UqtuwCezQDwCUoCV9HK
Christian,condrousekph@virginia.edu,$2a$04$VVyVog3/Vo2DGBIMdHpbC.v6Tdj1O5FPDF3GwP8jKSODQaXiA9sla
Rudie,rpacittipi@cyberchimps.com,$2a$04$JPsJDQRiH4iOH6XYp7jgdurhDg.vJXn72tLcenqv/aPGR7Y.4XcNK
Monro,mdumbltonpj@arizona.edu,$2a$04$4R.23RaiMfZg82002JWl7OqJBxQykOBz2n8NVunb46w1jJILauMUm
Junette,jwiddowsonpk@amazonaws.com,$2a$04$QaSzQS3MWJNuECjSnYbs9.rkxESM.NncQSQK0GxeDBmzG3c3kqXre
Rooney,rskellypl@ehow.com,$2a$04$igBbGGE4/suxtX0OJklvSOALJnFFhpnfp4K4Gc/btHewOG68Nsow.
Galvin,gswanpm@mapquest.com,$2a$04$kHwBGNJ2KvcX.RwMaxO4hOH/Iirm3GSjDvh9grZ4oaCZIAjaSsq7O
Annmarie,abutepn@surveymonkey.com,$2a$04$GyKg6qtvZbmnT5.xZLr/re1vATlQnfzOjo/xGRFKztW8AxDSbP17W
Averyl,alandrieupo@uiuc.edu,$2a$04$bkOHGrZdoW98gfb/sXZ0NeYFotxiBkpkVWPjofWhshN3Nc9xNFZxG
Steffen,salthorpepp@yolasite.com,$2a$04$LkdovCgMc2C05ykupnZp5uqD8xJvdakYE8/GE.00cqzHwYcc/1LSm
Bertrando,bbricklebankpq@chicagotribune.com,$2a$04$SqGk7SfSDef0SRBhn/F3Lu2OiPziDFeffoD2uJT9NEUtGB.wAbBW.
Angelo,aquixleypr@howstuffworks.com,$2a$04$7p4mI8ppuPBZHgEzfhBVnu/5n77KUcvB2p3xU0KidOx4./m4MvcIe
Tiffi,tjoyceps@reverbnation.com,$2a$04$BYxGfugkGeYuA76MYUOQN.g7vfz9fGYxlpzNZD15fX/9n/bDA9HUa
Cornela,cjeaneaupt@harvard.edu,$2a$04$6i.PO2rLTwM9k5Jm7CHGB.d9wcjUkNw.DydMyVxt98bSDgi.QnNdq
Jacquelyn,jgerreltspu@tamu.edu,$2a$04$Sr/z4Z1x9swX14VoiOH5Nedj7Wi.F.1DrsXALcRWA35rYsUKB7DHe
Sunny,sfollingpv@ovh.net,$2a$04$jEBn5LpfcnBXs9ZmCkqC0uPJnSxvofWV0BZw6Ge71XCWD84MVYCbm
Ebba,ecollingtonpw@comsenz.com,$2a$04$zknckOe5DZRV.Q1.1Fh8YuL.mxWVkHZB6ovvRhfn94xILSmtY1wji
Hyacinthe,hloveredgepx@php.net,$2a$04$DmDqwMNEQMrsgD5bR5eWWe4jg35itPq5o0S1t.iuXyXhd.G8IxDBy
Linnell,ldjurevicpy@ezinearticles.com,$2a$04$QCJGLMe8tcX9PEo4OUwnme4y.LjU4DLDPpfJtVcQl7NPgka5FgFe.
Granville,ginchboardpz@exblog.jp,$2a$04$WXkLfgTFSdoEEU41jqRGGekkHDUate4SQEt4Aq7zGwzCzki3NFqXW
Aubrie,adymockeq0@over-blog.com,$2a$04$GNGHWxzJ1mAioo9UUzB7W.z2DF2Krh23voWhvSRpDXdQlkxh6Tj/2
Gilda,gdoohanq1@wikispaces.com,$2a$04$z18gaK1euuueGr7G1ugwy.JF4T.G1lILnWt/K1cjHG0HAqb5i7ouC
Jacquelin,jovendonq2@qq.com,$2a$04$9ILRgSWWGtpWdHFnwISjAOA5x6HOt6JiPgQZxmsY1c7CaPgdO9t7O
Dyan,dibbottq3@google.com.hk,$2a$04$TpTDDHWC56BOGQVi45IGAOO7Wt/eF6480Fnf/XScNXdGlaHMWyaLu
Joeann,jgratrexq4@discuz.net,$2a$04$WajEJE6x2rh3tl/w860roeqc0FuR9Ty3xinJT1aIOaouHx3vk7YOy
Pearle,pdennyq5@w3.org,$2a$04$/7mbghhtst8Fov5nXwp2fOymDz0ytT.2v7FODhOiYhxCsaxan1CVq
Delly,dgreveq6@meetup.com,$2a$04$tFj/v58r.HriAvh76N/lwu1lCCFwDPVUGkn76z/ACW0R5TbcUWcNW
Anny,acolbornq7@sogou.com,$2a$04$uUpwk45SyPADekdh9AArIeJNlZYI216Ax0jBqVAlgKSmz7qQi5TbW
Mark,mthonq8@posterous.com,$2a$04$hcnMvX20SievnSdXogSsE.UpbfUEj30/OjKuRYzgJ76wwVm../yfu
Victor,vcorsarq9@cbc.ca,$2a$04$wp7dRhQlVAxQeRmx8NzGYeYqCGhdSqtBlBvKvkKzzUx/JkNWPfMTa
Elfrieda,epatyqa@nbcnews.com,$2a$04$omy24aTXdtpnKFBLcCc0juiYNyG8MLbVxxUqmdk6DTKcEZwnkY2cW
Ezechiel,ealbersqb@cafepress.com,$2a$04$HhLYEukRR98R3wLiRz4jOeGbhhThTWhW7VUOc3TW67ap.DJo22sXO
Griff,ghouseleyqc@phoca.cz,$2a$04$lIDkNrW3tWpiG1UcoJRWK.diyTb06BNP5Hh8wbSYkPvTX3dHdLixW
Lorena,lmccloyqd@webmd.com,$2a$04$nBXXx08s101bNb81xRpJRu45qWtf3MhbFkM6kC/.aWC4FYHWXwqbu
Theresa,tosgarqe@spiegel.de,$2a$04$aZYMFe8R6I.s.gzakR0jve2qAK/tbDcxRiXzkdOgDj3kjoiY2yFBi
Bliss,bsushamsqf@topsy.com,$2a$04$gNVCauwLlHOJS42biCs1Ge8rQ7LAUTsMbfpJNJ3R4RMdCBlJWpf/2
Tatiana,tbaudouxqg@livejournal.com,$2a$04$hV.GbMvzPCj2aDa4Cw9xeuyhpNOOtGzMLgMHTC6ETxDLxzZT.uSGC
Trev,tblackburneqh@tumblr.com,$2a$04$fscv7AdT5Ilv4stBXuDixeREktZP3GcxoguawRxxlv64/WbGO1UKa
Maurits,mtebaldqi@blogspot.com,$2a$04$92DH/.PL5od7fXQQOvGknevyP4aHPyA1eDT/2.dre.BZB7B0UcDWy
Osgood,odoreyqj@cnet.com,$2a$04$YOjS9u.IcuG4bMzB2K6sMOgdtpp9v3qoGt3UAvrvYfg2EKC2V0q0u
Carly,cjennionsqk@wufoo.com,$2a$04$NYHdZAYVJA3Z9ZzClnSNHuxjMh8dCpy3VVbq/PMpEaA6Kr.htyD/i
Othilia,olexaql@storify.com,$2a$04$QDMXT2SlW/HGrCMwp6hYveGPiAdiSVAT1KH1beF8qhcZGogF8un7e
Tybi,telamqm@liveinternet.ru,$2a$04$yx.kRa7Rj9OuHEQPiVd7mebPGBZQJ4K/7cDyBzw0Q5qXSO5f9o0MO
Norean,nstiegerqn@google.ru,$2a$04$z9R5pzIPHIrfV2L3G6MYYelKdytif1oY3cbLVrD42ELi79F/UK7mi
Genevieve,gbrunnqo@trellian.com,$2a$04$3KZ0cuO/PdGFsJYAiMzjG.n1Kgz5Yh4TaVoTzNJED6u8cmov3bYpS
Warner,wmasselqp@mtv.com,$2a$04$B4OT5nQNi2F0eibL59t2eOobOBPOyfjRpxDucx093yiGm8C8r5sTq
Xenia,xweatherillqq@mail.ru,$2a$04$H0SahBiBTLihjEv2rglpQeWW10qMtgZoe3oQCldSxENbqQ0Qwt3Nq
Iorgo,ibentjeqr@mozilla.com,$2a$04$e4nqiIVye5FU/z4lxoWgTOFcMvv/QMC5bXk.PHKQKHsRWjD1CaDU.
Fonzie,fannisqs@mediafire.com,$2a$04$A0AX3Z3yD0Q8DkpeT57TKOBVDaVpLyIK7mA4Z1.x.9jQULbw2XuYy
Sherilyn,sstollbergqt@techcrunch.com,$2a$04$AGtaWG851sDuUw56kG0yQ.LKAxqm5C.n1qPqo7kwz5Okijj68G2YO
Culley,cvigursqu@posterous.com,$2a$04$jtcO6pI/tW9yUjwBrAKVjurG.PGBJCebYoSIKIkKpHSvdnM4mBylO
Moise,mluipoldqv@hugedomains.com,$2a$04$UAcP7BVAsMXPPmbKVP6FIOVRB0jeovq8dRCi22Lv05NeF29OiMOn6
Karen,kferraroneqw@apple.com,$2a$04$AndxhXW.d1y6J1RV8TMrYOV9CQB3VH0s.ZusFDLiCTKAJ0BA8dHai
Maude,mpatemoreqx@wiley.com,$2a$04$deqdngUgtLdsXFdUnuht/.bHq47GkrE5rkK/ZduR/tOPKQcxy.R22
Harrietta,hpearlmanqy@oaic.gov.au,$2a$04$CRU.5ewPGu0G/48mGc5p3.zQBFUQiStFUMBpFee6SLb2GfuOA4Bzq
Stevena,sdwellingqz@cnn.com,$2a$04$Hnlqn0ngUQm1hN35IW8Ua.KA5tSxhaYP1yT7dxzb9iDALtmF5B0oK
Gretna,gblaslr0@amazon.com,$2a$04$pP0dN47LFl/TYzeIWryI0OOhwzmbortaBoaOHMgRB0LkYsE6XVz4i
Gretel,gdysterr1@cisco.com,$2a$04$Je5vL3wtRrGWGgcm1yTpeOJdpq1I5mQti7oh8kSC5xLrC5UxZ1bvC
Iggy,iosborner2@yellowpages.com,$2a$04$YI5LSFkl09JAIQ66yx4y1eLINji86l5gTf8b9AgLP.OFjzU70FM4q
Ricky,rgriffoenr3@salon.com,$2a$04$FYLRp3eKidSQSXPheDdVFO1mdwVC8u9QgYT823GVr0wUsWYgqA8/.
Madalyn,mpeaceyr4@netlog.com,$2a$04$Uh8W7qZRpi11GI/3ldHX/eRw3SQVXPDRMAqZuirh6MjsmkosDZyE2
Wernher,wscholarr5@mapquest.com,$2a$04$EJ2xbqFGBUJ9FiKgAVNBleMowm3fb5cjGf0511oEpSIfWaF4YMcmu
Carrol,cburletonr6@cbc.ca,$2a$04$Ldnygqg279E/9Yn.QEY2V..8jqut9PdivmCdnGAfyRxZV5C8wL0ra
Evanne,emeechanr7@blog.com,$2a$04$ljr4fi.Uunbu7YHHME0fGOKX.bdlDIJl9JgLcdbg1xh26U5BCrL6m
Isidro,idouthwaiter8@twitpic.com,$2a$04$wVLvr1h9AXqFkXD1EaXJZeBzytPIypr44.iRyj4J9AVEeHb00lPGm
Saleem,smcandrewr9@stanford.edu,$2a$04$QgQy3Fsj9iOLXP2426fNgOq3MudCGWeVoYjFUouwWeKryj07IkRgy
Merrick,mscandrettra@tumblr.com,$2a$04$0s82XFG.aNuJhhhHY5Dg6.ZKqrLrJ0Z3rIqEIpNgcF5NzDoOO0IQm
Ruth,rmenichinorb@tripadvisor.com,$2a$04$rgcaGstxNmJW7b319aKBneQEZJkCrl5OROzUePfQ1YCDoEPV.z1Ke
Bunny,bcornockrc@360.cn,$2a$04$9GLk59ipLqceobvm5OkSZe0SwhX..iWv/q9AO/W6XAS0EJJIBw/h2
Gerhardt,gprattyrd@theatlantic.com,$2a$04$agncrFBWyh1qY8O3l5aOx.g2qET8g8zlPSZMR1j6OhXOEJQBfRkcK
Dacie,dskethre@qq.com,$2a$04$lNTMiLG.xRuznSM/371EpOQZRoFuejIznDwWWKVPECzm.RP5NFDLa
Freeland,fdennettrf@spiegel.de,$2a$04$vjKPFH0LWbW3Z9DyZ8GwvepfivQ12MBbp08vTk6kOzs4m2WfGqoUa
Rebekkah,roverstallrg@admin.ch,$2a$04$e2dwKJ6PkJdqiVGh1izZZ.SlJWTbWNu1c1UjkcAyhBQfkNkoLKwyu
Torry,tjacquemardrh@desdev.cn,$2a$04$CJ9v14rBUt7q0EV5MO06VeFHWI76lhe2Qh9epC8AIEax9nH1N.Kzu
Raina,rclunanri@opensource.org,$2a$04$iM7MnQwIf0nf94g6wFhABeptd.QpH6WUkOFfQPt6xz6u9bDPnTVTK
Bethanne,bgulliventrj@ucoz.ru,$2a$04$RP8m44eOjT2ECgdCzE.Wa.sOUeCuYizLLa5QI5WdPsmMGIaiDStvC
Chelsae,cgurtonrk@netscape.com,$2a$04$PkxoGPKDkJHmRXJwtcj6M.PlwZRIKTTydFF7SMZ7nHeQwCseVmOnm
Analise,abykrl@nature.com,$2a$04$Zb0jlBdh2m5zj8QU1Jr5KuZ9mff2GwukW7X4sgPtVKRKKeSRBTHQa
Therine,twoollendsrm@gov.uk,$2a$04$KdgvIGDyW1.xsEzL8BKMu.Fc9NhUi3ZFvhtOpX5tyIhCzm3UrMx9m
Emmanuel,ebampforthrn@mashable.com,$2a$04$KMiKTLSCItoftptIjxhsje/JDLaXLlULh6goKl9FN7O1qar/LKTDu
Worden,wscarrottro@buzzfeed.com,$2a$04$iEG979ePGqbbjxWS4YRfnuaJfDJxt4k.z/sMoDFfR96pe71f397A2
Lorrie,lkeenleysiderp@amazon.de,$2a$04$EErMI0meJwHWQTjSbLOBxu9D7zE8Qb3NPdLuv5WJgaR5.4fOAnsIu
Nicol,nbrandolinirq@japanpost.jp,$2a$04$Y8iWyXiBEc/s0dzQ7VHHyeZEuEIxn8mnJSnTCWgWuAAieGPBqtx6m
Marty,mcoiterr@mac.com,$2a$04$gMhboIwGZFIy28Q/K.nGK.0HvyenFhkPIWPsIMspztzmFTmYd8pH.
